title,text,tags,id,owner,secret,server,farm,flickrtitle,ispublic,isfriend,isfamily,,,,imgurl
pic1,[img[https://farm2.staticflickr.com/1699/25197188742_f1fa2858f5.jpg]],photo [[Not Tagged]],25197188742,126080310@N07,f1fa2858f5,1699,2,Easter1,1,0,0,,,,https://farm2.staticflickr.com/1699/25197188742_f1fa2858f5.jpg
pic2,[img[https://farm2.staticflickr.com/1601/24565969733_8ba8f34765.jpg]],photo [[Not Tagged]],24565969733,126080310@N07,8ba8f34765,1601,2,Newly Weds,1,0,0,,,,https://farm2.staticflickr.com/1601/24565969733_8ba8f34765.jpg
pic3,[img[https://farm2.staticflickr.com/1584/24561918854_3ea7721bf8.jpg]],photo [[Not Tagged]],24561918854,126080310@N07,3ea7721bf8,1584,2,Easter Photos,1,0,0,,,,https://farm2.staticflickr.com/1584/24561918854_3ea7721bf8.jpg
pic4,[img[https://farm2.staticflickr.com/1678/24565666023_f61090ca46.jpg]],photo [[Not Tagged]],24565666023,126080310@N07,f61090ca46,1678,2,Trains,1,0,0,,,,https://farm2.staticflickr.com/1678/24565666023_f61090ca46.jpg
pic5,[img[https://farm2.staticflickr.com/1661/25070709176_8a771fab6a.jpg]],photo [[Not Tagged]],25070709176,126080310@N07,8a771fab6a,1661,2,Not the VW Beatle,1,0,0,,,,https://farm2.staticflickr.com/1661/25070709176_8a771fab6a.jpg
pic6,[img[https://farm2.staticflickr.com/1540/24729375059_42f8f6acea.jpg]],photo [[Not Tagged]],24729375059,126080310@N07,42f8f6acea,1540,2,Crab Spider,1,0,0,,,,https://farm2.staticflickr.com/1540/24729375059_42f8f6acea.jpg
pic7,[img[https://farm2.staticflickr.com/1495/24470170143_d73c2c2253.jpg]],photo [[Not Tagged]],24470170143,126080310@N07,d73c2c2253,1495,2,Mushroom Pool,1,0,0,,,,https://farm2.staticflickr.com/1495/24470170143_d73c2c2253.jpg
pic8,[img[https://farm2.staticflickr.com/1659/25003738831_b73db45ab8.jpg]],photo [[Not Tagged]],25003738831,126080310@N07,b73db45ab8,1659,2,970535_3090636202203_42964482_n,1,0,0,,,,https://farm2.staticflickr.com/1659/25003738831_b73db45ab8.jpg
pic9,[img[https://farm2.staticflickr.com/1622/24466340964_4c52aeb02f.jpg]],photo [[Not Tagged]],24466340964,126080310@N07,4c52aeb02f,1622,2,Snake Eye,1,0,0,,,,https://farm2.staticflickr.com/1622/24466340964_4c52aeb02f.jpg
pic10,[img[https://farm2.staticflickr.com/1501/24470170693_2f6b61e0ba.jpg]],photo [[Not Tagged]],24470170693,126080310@N07,2f6b61e0ba,1501,2,I'm Stumped,1,0,0,,,,https://farm2.staticflickr.com/1501/24470170693_2f6b61e0ba.jpg
pic11,[img[https://farm2.staticflickr.com/1581/25003739901_bd26975107.jpg]],photo [[Not Tagged]],25003739901,126080310@N07,bd26975107,1581,2,Sun Rays,1,0,0,,,,https://farm2.staticflickr.com/1581/25003739901_bd26975107.jpg
pic12,[img[https://farm2.staticflickr.com/1570/24729376769_e8d43ede50.jpg]],photo [[Not Tagged]],24729376769,126080310@N07,e8d43ede50,1570,2,Nice Day at the Lake,1,0,0,,,,https://farm2.staticflickr.com/1570/24729376769_e8d43ede50.jpg
pic13,[img[https://farm2.staticflickr.com/1554/25070688536_3164e4cec0.jpg]],photo [[Not Tagged]],25070688536,126080310@N07,3164e4cec0,1554,2,Color Fuzz Balls,1,0,0,,,,https://farm2.staticflickr.com/1554/25070688536_3164e4cec0.jpg
pic14,[img[https://farm2.staticflickr.com/1533/25003695741_9a681cc418.jpg]],photo [[Not Tagged]],25003695741,126080310@N07,9a681cc418,1533,2,Girl,1,0,0,,,,https://farm2.staticflickr.com/1533/25003695741_9a681cc418.jpg
pic15,[img[https://farm2.staticflickr.com/1601/24801371130_642b5f7981.jpg]],photo [[Not Tagged]],24801371130,126080310@N07,642b5f7981,1601,2,Space Ship,1,0,0,,,,https://farm2.staticflickr.com/1601/24801371130_642b5f7981.jpg
pic16,[img[https://farm2.staticflickr.com/1506/24973139912_6df0bd453b.jpg]],photo [[Not Tagged]],24973139912,126080310@N07,6df0bd453b,1506,2,Bubbles,1,0,0,,,,https://farm2.staticflickr.com/1506/24973139912_6df0bd453b.jpg
pic17,[img[https://farm2.staticflickr.com/1550/24295975304_b2ee1a40b1.jpg]],photo [[Not Tagged]],24295975304,126080310@N07,b2ee1a40b1,1550,2,SuperBloodMoon2016,1,0,0,,,,https://farm2.staticflickr.com/1550/24295975304_b2ee1a40b1.jpg
pic18,[img[https://farm2.staticflickr.com/1558/24920606455_cbbf623a80.jpg]],photo [[Not Tagged]],24920606455,126080310@N07,cbbf623a80,1558,2,52,1,0,0,,,,https://farm2.staticflickr.com/1558/24920606455_cbbf623a80.jpg
pic19,[img[https://farm2.staticflickr.com/1678/24625130400_c71c46e76c.jpg]],photo [[Not Tagged]],24625130400,126080310@N07,c71c46e76c,1678,2,54,1,0,0,,,,https://farm2.staticflickr.com/1678/24625130400_c71c46e76c.jpg
pic20,[img[https://farm2.staticflickr.com/1472/24552976029_ce05d24a67.jpg]],photo [[Not Tagged]],24552976029,126080310@N07,ce05d24a67,1472,2,53,1,0,0,,,,https://farm2.staticflickr.com/1472/24552976029_ce05d24a67.jpg
pic21,[img[https://farm2.staticflickr.com/1644/24625130160_3f8422692e.jpg]],photo [[Not Tagged]],24625130160,126080310@N07,3f8422692e,1644,2,48,1,0,0,,,,https://farm2.staticflickr.com/1644/24625130160_3f8422692e.jpg
pic22,[img[https://farm2.staticflickr.com/1606/24552975789_7d891541d6.jpg]],photo [[Not Tagged]],24552975789,126080310@N07,7d891541d6,1606,2,51,1,0,0,,,,https://farm2.staticflickr.com/1606/24552975789_7d891541d6.jpg
pic23,[img[https://farm2.staticflickr.com/1558/24552975609_48ac384691.jpg]],photo [[Not Tagged]],24552975609,126080310@N07,48ac384691,1558,2,47,1,0,0,,,,https://farm2.staticflickr.com/1558/24552975609_48ac384691.jpg
pic24,[img[https://farm2.staticflickr.com/1717/24292467334_c1350f9ef8.jpg]],photo [[Not Tagged]],24292467334,126080310@N07,c1350f9ef8,1717,2,46,1,0,0,,,,https://farm2.staticflickr.com/1717/24292467334_c1350f9ef8.jpg
pic25,[img[https://farm2.staticflickr.com/1520/24293722143_78e246e388.jpg]],photo [[Not Tagged]],24293722143,126080310@N07,78e246e388,1520,2,45,1,0,0,,,,https://farm2.staticflickr.com/1520/24293722143_78e246e388.jpg
pic26,[img[https://farm2.staticflickr.com/1469/24827270781_3ed1a19586.jpg]],photo [[Not Tagged]],24827270781,126080310@N07,3ed1a19586,1469,2,44,1,0,0,,,,https://farm2.staticflickr.com/1469/24827270781_3ed1a19586.jpg
pic27,[img[https://farm2.staticflickr.com/1575/24827270531_955d5985cb.jpg]],photo [[Not Tagged]],24827270531,126080310@N07,955d5985cb,1575,2,43,1,0,0,,,,https://farm2.staticflickr.com/1575/24827270531_955d5985cb.jpg
pic28,[img[https://farm2.staticflickr.com/1477/24625129060_fb08b9d0cf.jpg]],photo [[Not Tagged]],24625129060,126080310@N07,fb08b9d0cf,1477,2,42,1,0,0,,,,https://farm2.staticflickr.com/1477/24625129060_fb08b9d0cf.jpg
pic29,[img[https://farm2.staticflickr.com/1585/24802656552_ff91e9bff3.jpg]],photo [[Not Tagged]],24802656552,126080310@N07,ff91e9bff3,1585,2,40,1,0,0,,,,https://farm2.staticflickr.com/1585/24802656552_ff91e9bff3.jpg
pic30,[img[https://farm2.staticflickr.com/1658/24827269801_d508b5f877.jpg]],photo [[Not Tagged]],24827269801,126080310@N07,d508b5f877,1658,2,36,1,0,0,,,,https://farm2.staticflickr.com/1658/24827269801_d508b5f877.jpg
pic31,[img[https://farm2.staticflickr.com/1476/24920604255_c97bace8e2.jpg]],photo [[Not Tagged]],24920604255,126080310@N07,c97bace8e2,1476,2,35,1,0,0,,,,https://farm2.staticflickr.com/1476/24920604255_c97bace8e2.jpg
pic32,[img[https://farm2.staticflickr.com/1530/24920603575_a34566a9fc.jpg]],photo [[Not Tagged]],24920603575,126080310@N07,a34566a9fc,1530,2,33,1,0,0,,,,https://farm2.staticflickr.com/1530/24920603575_a34566a9fc.jpg
pic33,[img[https://farm2.staticflickr.com/1570/24802655572_1de5b69d4f.jpg]],photo [[Not Tagged]],24802655572,126080310@N07,1de5b69d4f,1570,2,34,1,0,0,,,,https://farm2.staticflickr.com/1570/24802655572_1de5b69d4f.jpg
pic34,[img[https://farm2.staticflickr.com/1689/24894301616_b18b180a5a.jpg]],photo [[Not Tagged]],24894301616,126080310@N07,b18b180a5a,1689,2,32,1,0,0,,,,https://farm2.staticflickr.com/1689/24894301616_b18b180a5a.jpg
pic35,[img[https://farm2.staticflickr.com/1548/24802654982_f176955eea.jpg]],photo [[Not Tagged]],24802654982,126080310@N07,f176955eea,1548,2,31,1,0,0,,,,https://farm2.staticflickr.com/1548/24802654982_f176955eea.jpg
pic36,[img[https://farm2.staticflickr.com/1489/24293719553_f91dafb7ee.jpg]],photo [[Not Tagged]],24293719553,126080310@N07,f91dafb7ee,1489,2,30,1,0,0,,,,https://farm2.staticflickr.com/1489/24293719553_f91dafb7ee.jpg
pic37,[img[https://farm2.staticflickr.com/1487/24552972409_d92d1b221e.jpg]],photo [[Not Tagged]],24552972409,126080310@N07,d92d1b221e,1487,2,29,1,0,0,,,,https://farm2.staticflickr.com/1487/24552972409_d92d1b221e.jpg
pic38,[img[https://farm2.staticflickr.com/1626/24625126530_a32f0ca48e.jpg]],photo [[Not Tagged]],24625126530,126080310@N07,a32f0ca48e,1626,2,28,1,0,0,,,,https://farm2.staticflickr.com/1626/24625126530_a32f0ca48e.jpg
pic39,[img[https://farm2.staticflickr.com/1578/24293719043_9c2c1dabc4.jpg]],photo [[Not Tagged]],24293719043,126080310@N07,9c2c1dabc4,1578,2,27,1,0,0,,,,https://farm2.staticflickr.com/1578/24293719043_9c2c1dabc4.jpg
pic40,[img[https://farm2.staticflickr.com/1615/24827267511_43f8c61849.jpg]],photo [[Not Tagged]],24827267511,126080310@N07,43f8c61849,1615,2,26,1,0,0,,,,https://farm2.staticflickr.com/1615/24827267511_43f8c61849.jpg
pic41,[img[https://farm2.staticflickr.com/1652/24292463204_efa74412d0.jpg]],photo [[Not Tagged]],24292463204,126080310@N07,efa74412d0,1652,2,25,1,0,0,,,,https://farm2.staticflickr.com/1652/24292463204_efa74412d0.jpg
pic42,[img[https://farm2.staticflickr.com/1522/24894299766_234d4bbf4e.jpg]],photo [[Not Tagged]],24894299766,126080310@N07,234d4bbf4e,1522,2,Kitchen,1,0,0,,,,https://farm2.staticflickr.com/1522/24894299766_234d4bbf4e.jpg
pic43,[img[https://farm2.staticflickr.com/1672/24802653722_e29c38da3c.jpg]],photo [[Not Tagged]],24802653722,126080310@N07,e29c38da3c,1672,2,24,1,0,0,,,,https://farm2.staticflickr.com/1672/24802653722_e29c38da3c.jpg
pic44,[img[https://farm2.staticflickr.com/1605/24625125180_d735722254.jpg]],photo [[Not Tagged]],24625125180,126080310@N07,d735722254,1605,2,22,1,0,0,,,,https://farm2.staticflickr.com/1605/24625125180_d735722254.jpg
pic45,[img[https://farm2.staticflickr.com/1694/24827266381_c15b3a986c.jpg]],photo [[Not Tagged]],24827266381,126080310@N07,c15b3a986c,1694,2,21,1,0,0,,,,https://farm2.staticflickr.com/1694/24827266381_c15b3a986c.jpg
pic46,[img[https://farm2.staticflickr.com/1608/24920600555_fa984c6b5f.jpg]],photo [[Not Tagged]],24920600555,126080310@N07,fa984c6b5f,1608,2,18,1,0,0,,,,https://farm2.staticflickr.com/1608/24920600555_fa984c6b5f.jpg
pic47,[img[https://farm2.staticflickr.com/1526/24292461984_58de5f0431.jpg]],photo [[Not Tagged]],24292461984,126080310@N07,58de5f0431,1526,2,19,1,0,0,,,,https://farm2.staticflickr.com/1526/24292461984_58de5f0431.jpg
pic48,[img[https://farm2.staticflickr.com/1506/24920600245_7af5a33d0e.jpg]],photo [[Not Tagged]],24920600245,126080310@N07,7af5a33d0e,1506,2,17,1,0,0,,,,https://farm2.staticflickr.com/1506/24920600245_7af5a33d0e.jpg
pic49,[img[https://farm2.staticflickr.com/1484/24292461304_8770e1febb.jpg]],photo [[Not Tagged]],24292461304,126080310@N07,8770e1febb,1484,2,16,1,0,0,,,,https://farm2.staticflickr.com/1484/24292461304_8770e1febb.jpg
pic50,[img[https://farm2.staticflickr.com/1597/24625124070_0f9c8ceafb.jpg]],photo [[Not Tagged]],24625124070,126080310@N07,0f9c8ceafb,1597,2,15,1,0,0,,,,https://farm2.staticflickr.com/1597/24625124070_0f9c8ceafb.jpg
pic51,[img[https://farm2.staticflickr.com/1463/24802651912_3f86b9cb3c.jpg]],photo [[Not Tagged]],24802651912,126080310@N07,3f86b9cb3c,1463,2,14,1,0,0,,,,https://farm2.staticflickr.com/1463/24802651912_3f86b9cb3c.jpg
pic52,[img[https://farm2.staticflickr.com/1541/24552969259_3690a1b2e1.jpg]],photo [[Not Tagged]],24552969259,126080310@N07,3690a1b2e1,1541,2,13,1,0,0,,,,https://farm2.staticflickr.com/1541/24552969259_3690a1b2e1.jpg
pic53,[img[https://farm2.staticflickr.com/1666/24293715553_95c95c999b.jpg]],photo [[Not Tagged]],24293715553,126080310@N07,95c95c999b,1666,2,12,1,0,0,,,,https://farm2.staticflickr.com/1666/24293715553_95c95c999b.jpg
pic54,[img[https://farm2.staticflickr.com/1599/24625123180_5e2cb1542f.jpg]],photo [[Not Tagged]],24625123180,126080310@N07,5e2cb1542f,1599,2,11,1,0,0,,,,https://farm2.staticflickr.com/1599/24625123180_5e2cb1542f.jpg
pic55,[img[https://farm2.staticflickr.com/1662/24802650922_b2bf530d95.jpg]],photo [[Not Tagged]],24802650922,126080310@N07,b2bf530d95,1662,2,10,1,0,0,,,,https://farm2.staticflickr.com/1662/24802650922_b2bf530d95.jpg
pic56,[img[https://farm2.staticflickr.com/1645/24293714933_97a9c2b8c3.jpg]],photo [[Not Tagged]],24293714933,126080310@N07,97a9c2b8c3,1645,2,9,1,0,0,,,,https://farm2.staticflickr.com/1645/24293714933_97a9c2b8c3.jpg
pic57,[img[https://farm2.staticflickr.com/1594/24552968039_f350f5a947.jpg]],photo [[Not Tagged]],24552968039,126080310@N07,f350f5a947,1594,2,8,1,0,0,,,,https://farm2.staticflickr.com/1594/24552968039_f350f5a947.jpg
pic58,[img[https://farm2.staticflickr.com/1707/24827263471_ea86da132a.jpg]],photo [[Not Tagged]],24827263471,126080310@N07,ea86da132a,1707,2,7,1,0,0,,,,https://farm2.staticflickr.com/1707/24827263471_ea86da132a.jpg
pic59,[img[https://farm2.staticflickr.com/1675/24625121920_aa16c50891.jpg]],photo [[Not Tagged]],24625121920,126080310@N07,aa16c50891,1675,2,6,1,0,0,,,,https://farm2.staticflickr.com/1675/24625121920_aa16c50891.jpg
pic60,[img[https://farm2.staticflickr.com/1604/24802649462_2d7e2de58c.jpg]],photo [[Not Tagged]],24802649462,126080310@N07,2d7e2de58c,1604,2,5,1,0,0,,,,https://farm2.staticflickr.com/1604/24802649462_2d7e2de58c.jpg
pic61,[img[https://farm2.staticflickr.com/1711/24827262591_05b34b4a86.jpg]],photo [[Not Tagged]],24827262591,126080310@N07,05b34b4a86,1711,2,3,1,0,0,,,,https://farm2.staticflickr.com/1711/24827262591_05b34b4a86.jpg
pic62,[img[https://farm2.staticflickr.com/1587/24625121270_233c8c6720.jpg]],photo [[Not Tagged]],24625121270,126080310@N07,233c8c6720,1587,2,2,1,0,0,,,,https://farm2.staticflickr.com/1587/24625121270_233c8c6720.jpg
pic63,[img[https://farm2.staticflickr.com/1616/24827262291_a1e454c59e.jpg]],photo [[Not Tagged]],24827262291,126080310@N07,a1e454c59e,1616,2,1,1,0,0,,,,https://farm2.staticflickr.com/1616/24827262291_a1e454c59e.jpg
pic64,[img[https://farm2.staticflickr.com/1601/24293712783_2d775f09f0.jpg]],photo [[Not Tagged]],24293712783,126080310@N07,2d775f09f0,1601,2,TwoClowns,1,0,0,,,,https://farm2.staticflickr.com/1601/24293712783_2d775f09f0.jpg
pic65,[img[https://farm2.staticflickr.com/1450/24827261801_2f495407df.jpg]],photo [[Not Tagged]],24827261801,126080310@N07,2f495407df,1450,2,_IGP7270,1,0,0,,,,https://farm2.staticflickr.com/1450/24827261801_2f495407df.jpg
pic66,[img[https://farm2.staticflickr.com/1543/24802647922_e4d5d87759.jpg]],photo [[Not Tagged]],24802647922,126080310@N07,e4d5d87759,1543,2,Holding The American Flag,1,0,0,,,,https://farm2.staticflickr.com/1543/24802647922_e4d5d87759.jpg
pic67,[img[https://farm2.staticflickr.com/1484/24293712053_0b3fa4804c.jpg]],photo [[Not Tagged]],24293712053,126080310@N07,0b3fa4804c,1484,2,Arrest1,1,0,0,,,,https://farm2.staticflickr.com/1484/24293712053_0b3fa4804c.jpg
pic68,[img[https://farm2.staticflickr.com/1512/24894293836_5bd71abe80.jpg]],photo [[Not Tagged]],24894293836,126080310@N07,5bd71abe80,1512,2,_IGP7228,1,0,0,,,,https://farm2.staticflickr.com/1512/24894293836_5bd71abe80.jpg
pic69,[img[https://farm2.staticflickr.com/1497/24920594445_032aaa04bf.jpg]],photo [[Not Tagged]],24920594445,126080310@N07,032aaa04bf,1497,2,Arrested2,1,0,0,,,,https://farm2.staticflickr.com/1497/24920594445_032aaa04bf.jpg
pic70,[img[https://farm2.staticflickr.com/1503/24292456064_de0f2e4e02.jpg]],photo [[Not Tagged]],24292456064,126080310@N07,de0f2e4e02,1503,2,_IGP7220,1,0,0,,,,https://farm2.staticflickr.com/1503/24292456064_de0f2e4e02.jpg
pic71,[img[https://farm2.staticflickr.com/1506/24894292836_2a329eac38.jpg]],photo [[Not Tagged]],24894292836,126080310@N07,2a329eac38,1506,2,_IGP7211,1,0,0,,,,https://farm2.staticflickr.com/1506/24894292836_2a329eac38.jpg
pic72,[img[https://farm2.staticflickr.com/1441/24920593455_009427cc11.jpg]],photo [[Not Tagged]],24920593455,126080310@N07,009427cc11,1441,2,_IGP7211(1),1,0,0,,,,https://farm2.staticflickr.com/1441/24920593455_009427cc11.jpg
pic73,[img[https://farm2.staticflickr.com/1480/24802645902_9424ec5756.jpg]],photo [[Not Tagged]],24802645902,126080310@N07,9424ec5756,1480,2,_IGP7198,1,0,0,,,,https://farm2.staticflickr.com/1480/24802645902_9424ec5756.jpg
pic74,[img[https://farm2.staticflickr.com/1486/24292454964_93e46f698b.jpg]],photo [[Not Tagged]],24292454964,126080310@N07,93e46f698b,1486,2,_IGP7163,1,0,0,,,,https://farm2.staticflickr.com/1486/24292454964_93e46f698b.jpg
pic75,[img[https://farm2.staticflickr.com/1695/24920592585_66803f47c4.jpg]],photo [[Not Tagged]],24920592585,126080310@N07,66803f47c4,1695,2,_IGP7158,1,0,0,,,,https://farm2.staticflickr.com/1695/24920592585_66803f47c4.jpg
pic76,[img[https://farm2.staticflickr.com/1554/24625117510_b3ff4f7506.jpg]],photo [[Not Tagged]],24625117510,126080310@N07,b3ff4f7506,1554,2,_IGP7157,1,0,0,,,,https://farm2.staticflickr.com/1554/24625117510_b3ff4f7506.jpg
pic77,[img[https://farm2.staticflickr.com/1692/24894290946_931cb37b02.jpg]],photo [[Not Tagged]],24894290946,126080310@N07,931cb37b02,1692,2,Signs,1,0,0,,,,https://farm2.staticflickr.com/1692/24894290946_931cb37b02.jpg
pic78,[img[https://farm2.staticflickr.com/1617/24827257651_f441ca6c53.jpg]],photo [[Not Tagged]],24827257651,126080310@N07,f441ca6c53,1617,2,_IGP7131,1,0,0,,,,https://farm2.staticflickr.com/1617/24827257651_f441ca6c53.jpg
pic79,[img[https://farm2.staticflickr.com/1553/24625116290_790a63a833.jpg]],photo [[Not Tagged]],24625116290,126080310@N07,790a63a833,1553,2,_IGP7131(1),1,0,0,,,,https://farm2.staticflickr.com/1553/24625116290_790a63a833.jpg
pic80,[img[https://farm2.staticflickr.com/1486/24894289856_792a4ca83c.jpg]],photo [[Not Tagged]],24894289856,126080310@N07,792a4ca83c,1486,2,_IGP7127,1,0,0,,,,https://farm2.staticflickr.com/1486/24894289856_792a4ca83c.jpg
pic81,[img[https://farm2.staticflickr.com/1471/24894289436_68523467f8.jpg]],photo [[Not Tagged]],24894289436,126080310@N07,68523467f8,1471,2,_IGP7108,1,0,0,,,,https://farm2.staticflickr.com/1471/24894289436_68523467f8.jpg
pic82,[img[https://farm2.staticflickr.com/1450/24292452394_580b93dcb3.jpg]],photo [[Not Tagged]],24292452394,126080310@N07,580b93dcb3,1450,2,_IGP7103,1,0,0,,,,https://farm2.staticflickr.com/1450/24292452394_580b93dcb3.jpg
pic83,[img[https://farm2.staticflickr.com/1548/24920590175_accefd13d3.jpg]],photo [[Not Tagged]],24920590175,126080310@N07,accefd13d3,1548,2,_IGP7092,1,0,0,,,,https://farm2.staticflickr.com/1548/24920590175_accefd13d3.jpg
pic84,[img[https://farm2.staticflickr.com/1546/24827256391_0032292c1f.jpg]],photo [[Not Tagged]],24827256391,126080310@N07,0032292c1f,1546,2,_IGP7088,1,0,0,,,,https://farm2.staticflickr.com/1546/24827256391_0032292c1f.jpg
pic85,[img[https://farm2.staticflickr.com/1690/24292451904_4e384ae83c.jpg]],photo [[Not Tagged]],24292451904,126080310@N07,4e384ae83c,1690,2,_IGP7087,1,0,0,,,,https://farm2.staticflickr.com/1690/24292451904_4e384ae83c.jpg
pic86,[img[https://farm2.staticflickr.com/1669/24920589575_bbb8f19b9c.jpg]],photo [[Not Tagged]],24920589575,126080310@N07,bbb8f19b9c,1669,2,_IGP7080,1,0,0,,,,https://farm2.staticflickr.com/1669/24920589575_bbb8f19b9c.jpg
pic87,[img[https://farm2.staticflickr.com/1642/24827255761_a46e69729d.jpg]],photo [[Not Tagged]],24827255761,126080310@N07,a46e69729d,1642,2,_IGP7060,1,0,0,,,,https://farm2.staticflickr.com/1642/24827255761_a46e69729d.jpg
pic88,[img[https://farm2.staticflickr.com/1680/24552960509_8ac41c39eb.jpg]],photo [[Not Tagged]],24552960509,126080310@N07,8ac41c39eb,1680,2,_IGP7046,1,0,0,,,,https://farm2.staticflickr.com/1680/24552960509_8ac41c39eb.jpg
pic89,[img[https://farm2.staticflickr.com/1545/24293706223_6512f72a37.jpg]],photo [[Not Tagged]],24293706223,126080310@N07,6512f72a37,1545,2,_IGP7032,1,0,0,,,,https://farm2.staticflickr.com/1545/24293706223_6512f72a37.jpg
pic90,[img[https://farm2.staticflickr.com/1613/24293706083_9c2f9f1917.jpg]],photo [[Not Tagged]],24293706083,126080310@N07,9c2f9f1917,1613,2,_IGP7020,1,0,0,,,,https://farm2.staticflickr.com/1613/24293706083_9c2f9f1917.jpg
pic91,[img[https://farm2.staticflickr.com/1568/24827254811_20cc3f06e7.jpg]],photo [[Not Tagged]],24827254811,126080310@N07,20cc3f06e7,1568,2,_IGP7019,1,0,0,,,,https://farm2.staticflickr.com/1568/24827254811_20cc3f06e7.jpg
pic92,[img[https://farm2.staticflickr.com/1696/24827254381_d77c9e5c72.jpg]],photo [[Not Tagged]],24827254381,126080310@N07,d77c9e5c72,1696,2,_IGP7012,1,0,0,,,,https://farm2.staticflickr.com/1696/24827254381_d77c9e5c72.jpg
pic93,[img[https://farm2.staticflickr.com/1536/24827254231_0d8d498fd8.jpg]],photo [[Not Tagged]],24827254231,126080310@N07,0d8d498fd8,1536,2,_IGP7009,1,0,0,,,,https://farm2.staticflickr.com/1536/24827254231_0d8d498fd8.jpg
pic94,[img[https://farm2.staticflickr.com/1668/24293705243_6a5be81093.jpg]],photo [[Not Tagged]],24293705243,126080310@N07,6a5be81093,1668,2,_IGP7004,1,0,0,,,,https://farm2.staticflickr.com/1668/24293705243_6a5be81093.jpg
pic95,[img[https://farm2.staticflickr.com/1655/24293705113_be2c58cb1f.jpg]],photo [[Not Tagged]],24293705113,126080310@N07,be2c58cb1f,1655,2,_IGP6999,1,0,0,,,,https://farm2.staticflickr.com/1655/24293705113_be2c58cb1f.jpg
pic96,[img[https://farm2.staticflickr.com/1661/24293704903_41c4ed8ec2.jpg]],photo [[Not Tagged]],24293704903,126080310@N07,41c4ed8ec2,1661,2,_IGP6998,1,0,0,,,,https://farm2.staticflickr.com/1661/24293704903_41c4ed8ec2.jpg
pic97,[img[https://farm2.staticflickr.com/1632/24293704743_6d8b031ebb.jpg]],photo [[Not Tagged]],24293704743,126080310@N07,6d8b031ebb,1632,2,_IGP6997,1,0,0,,,,https://farm2.staticflickr.com/1632/24293704743_6d8b031ebb.jpg
pic98,[img[https://farm2.staticflickr.com/1658/24920587115_313d1f4f3c.jpg]],photo [[Not Tagged]],24920587115,126080310@N07,313d1f4f3c,1658,2,_IGP6995,1,0,0,,,,https://farm2.staticflickr.com/1658/24920587115_313d1f4f3c.jpg
pic99,[img[https://farm2.staticflickr.com/1621/24293704583_c5f6114734.jpg]],photo [[Not Tagged]],24293704583,126080310@N07,c5f6114734,1621,2,_IGP6996,1,0,0,,,,https://farm2.staticflickr.com/1621/24293704583_c5f6114734.jpg
pic100,[img[https://farm2.staticflickr.com/1655/24802640212_4aa824c5ec.jpg]],photo [[Not Tagged]],24802640212,126080310@N07,4aa824c5ec,1655,2,_IGP6994,1,0,0,,,,https://farm2.staticflickr.com/1655/24802640212_4aa824c5ec.jpg
pic101,[img[https://farm2.staticflickr.com/1701/24894286016_3dcbc020ab.jpg]],photo [[Not Tagged]],24894286016,126080310@N07,3dcbc020ab,1701,2,_IGP6984,1,0,0,,,,https://farm2.staticflickr.com/1701/24894286016_3dcbc020ab.jpg
pic102,[img[https://farm2.staticflickr.com/1489/24625111920_ddd2a8732a.jpg]],photo [[Not Tagged]],24625111920,126080310@N07,ddd2a8732a,1489,2,_IGP6980,1,0,0,,,,https://farm2.staticflickr.com/1489/24625111920_ddd2a8732a.jpg
pic103,[img[https://farm2.staticflickr.com/1559/24625111610_d065196732.jpg]],photo [[Not Tagged]],24625111610,126080310@N07,d065196732,1559,2,_IGP6975,1,0,0,,,,https://farm2.staticflickr.com/1559/24625111610_d065196732.jpg
pic104,[img[https://farm2.staticflickr.com/1443/24625111300_4305114bc5.jpg]],photo [[Not Tagged]],24625111300,126080310@N07,4305114bc5,1443,2,_IGP6969,1,0,0,,,,https://farm2.staticflickr.com/1443/24625111300_4305114bc5.jpg
pic105,[img[https://farm2.staticflickr.com/1568/24552957119_fe4d5a3925.jpg]],photo [[Not Tagged]],24552957119,126080310@N07,fe4d5a3925,1568,2,_IGP6956,1,0,0,,,,https://farm2.staticflickr.com/1568/24552957119_fe4d5a3925.jpg
pic106,[img[https://farm2.staticflickr.com/1562/24293702913_b2c782cbf6.jpg]],photo [[Not Tagged]],24293702913,126080310@N07,b2c782cbf6,1562,2,_IGP6949,1,0,0,,,,https://farm2.staticflickr.com/1562/24293702913_b2c782cbf6.jpg
pic107,[img[https://farm2.staticflickr.com/1530/24293702593_ab23183238.jpg]],photo [[Not Tagged]],24293702593,126080310@N07,ab23183238,1530,2,_IGP6947,1,0,0,,,,https://farm2.staticflickr.com/1530/24293702593_ab23183238.jpg
pic108,[img[https://farm2.staticflickr.com/1587/24625110270_c8a709ec9c.jpg]],photo [[Not Tagged]],24625110270,126080310@N07,c8a709ec9c,1587,2,_IGP6944,1,0,0,,,,https://farm2.staticflickr.com/1587/24625110270_c8a709ec9c.jpg
pic109,[img[https://farm2.staticflickr.com/1708/24827250551_4ec7b2bb05.jpg]],photo [[Not Tagged]],24827250551,126080310@N07,4ec7b2bb05,1708,2,_IGP6940,1,0,0,,,,https://farm2.staticflickr.com/1708/24827250551_4ec7b2bb05.jpg
pic110,[img[https://farm2.staticflickr.com/1703/24920584095_d401239b62.jpg]],photo [[Not Tagged]],24920584095,126080310@N07,d401239b62,1703,2,_IGP6938,1,0,0,,,,https://farm2.staticflickr.com/1703/24920584095_d401239b62.jpg
pic111,[img[https://farm2.staticflickr.com/1688/24802637472_a7ab06225c.jpg]],photo [[Not Tagged]],24802637472,126080310@N07,a7ab06225c,1688,2,_IGP6931,1,0,0,,,,https://farm2.staticflickr.com/1688/24802637472_a7ab06225c.jpg
pic112,[img[https://farm2.staticflickr.com/1697/24293701173_eb1fe0c1d5.jpg]],photo [[Not Tagged]],24293701173,126080310@N07,eb1fe0c1d5,1697,2,_IGP6928,1,0,0,,,,https://farm2.staticflickr.com/1697/24293701173_eb1fe0c1d5.jpg
pic113,[img[https://farm2.staticflickr.com/1556/24292445994_af01eaee33.jpg]],photo [[Not Tagged]],24292445994,126080310@N07,af01eaee33,1556,2,_IGP6927,1,0,0,,,,https://farm2.staticflickr.com/1556/24292445994_af01eaee33.jpg
pic114,[img[https://farm2.staticflickr.com/1655/24293700853_4b0b4a1161.jpg]],photo [[Not Tagged]],24293700853,126080310@N07,4b0b4a1161,1655,2,_IGP6923,1,0,0,,,,https://farm2.staticflickr.com/1655/24293700853_4b0b4a1161.jpg
pic115,[img[https://farm2.staticflickr.com/1670/24625108340_1d1574614a.jpg]],photo [[Not Tagged]],24625108340,126080310@N07,1d1574614a,1670,2,_IGP6922,1,0,0,,,,https://farm2.staticflickr.com/1670/24625108340_1d1574614a.jpg
pic116,[img[https://farm2.staticflickr.com/1672/24292445284_4fb1ea82da.jpg]],photo [[Not Tagged]],24292445284,126080310@N07,4fb1ea82da,1672,2,_IGP6913,1,0,0,,,,https://farm2.staticflickr.com/1672/24292445284_4fb1ea82da.jpg
pic117,[img[https://farm2.staticflickr.com/1615/24552953979_6a849b82a1.jpg]],photo [[Not Tagged]],24552953979,126080310@N07,6a849b82a1,1615,2,_IGP6900,1,0,0,,,,https://farm2.staticflickr.com/1615/24552953979_6a849b82a1.jpg
pic118,[img[https://farm2.staticflickr.com/1474/24293699823_845191c31e.jpg]],photo [[Not Tagged]],24293699823,126080310@N07,845191c31e,1474,2,_IGP6889,1,0,0,,,,https://farm2.staticflickr.com/1474/24293699823_845191c31e.jpg
pic119,[img[https://farm2.staticflickr.com/1690/24625107200_bd446d1544.jpg]],photo [[Not Tagged]],24625107200,126080310@N07,bd446d1544,1690,2,_IGP6886,1,0,0,,,,https://farm2.staticflickr.com/1690/24625107200_bd446d1544.jpg
pic120,[img[https://farm2.staticflickr.com/1713/24802635412_590f1dd51a.jpg]],photo [[Not Tagged]],24802635412,126080310@N07,590f1dd51a,1713,2,_IGP6881,1,0,0,,,,https://farm2.staticflickr.com/1713/24802635412_590f1dd51a.jpg
pic121,[img[https://farm2.staticflickr.com/1523/24827247991_037f31a19e.jpg]],photo [[Not Tagged]],24827247991,126080310@N07,037f31a19e,1523,2,_IGP6877,1,0,0,,,,https://farm2.staticflickr.com/1523/24827247991_037f31a19e.jpg
pic122,[img[https://farm2.staticflickr.com/1719/24625106380_3848a790f1.jpg]],photo [[Not Tagged]],24625106380,126080310@N07,3848a790f1,1719,2,_IGP6869,1,0,0,,,,https://farm2.staticflickr.com/1719/24625106380_3848a790f1.jpg
pic123,[img[https://farm2.staticflickr.com/1558/24827247361_f570e29849.jpg]],photo [[Not Tagged]],24827247361,126080310@N07,f570e29849,1558,2,_IGP6864,1,0,0,,,,https://farm2.staticflickr.com/1558/24827247361_f570e29849.jpg
pic124,[img[https://farm2.staticflickr.com/1546/24292442834_1d6bf47404.jpg]],photo [[Not Tagged]],24292442834,126080310@N07,1d6bf47404,1546,2,_IGP6861,1,0,0,,,,https://farm2.staticflickr.com/1546/24292442834_1d6bf47404.jpg
pic125,[img[https://farm2.staticflickr.com/1565/24802634362_1ae2d5b35e.jpg]],photo [[Not Tagged]],24802634362,126080310@N07,1ae2d5b35e,1565,2,_IGP6855,1,0,0,,,,https://farm2.staticflickr.com/1565/24802634362_1ae2d5b35e.jpg
pic126,[img[https://farm2.staticflickr.com/1501/24552951539_5bab79faef.jpg]],photo [[Not Tagged]],24552951539,126080310@N07,5bab79faef,1501,2,_IGP6851,1,0,0,,,,https://farm2.staticflickr.com/1501/24552951539_5bab79faef.jpg
pic127,[img[https://farm2.staticflickr.com/1607/24920580065_a438712f6c.jpg]],photo [[Not Tagged]],24920580065,126080310@N07,a438712f6c,1607,2,_IGP6842,1,0,0,,,,https://farm2.staticflickr.com/1607/24920580065_a438712f6c.jpg
pic128,[img[https://farm2.staticflickr.com/1455/24802633992_4f4144011b.jpg]],photo [[Not Tagged]],24802633992,126080310@N07,4f4144011b,1455,2,_IGP6848,1,0,0,,,,https://farm2.staticflickr.com/1455/24802633992_4f4144011b.jpg
pic129,[img[https://farm2.staticflickr.com/1679/24827245911_f968efe442.jpg]],photo [[Not Tagged]],24827245911,126080310@N07,f968efe442,1679,2,_IGP6833,1,0,0,,,,https://farm2.staticflickr.com/1679/24827245911_f968efe442.jpg
pic130,[img[https://farm2.staticflickr.com/1502/24552950599_3f423d53eb.jpg]],photo [[Not Tagged]],24552950599,126080310@N07,3f423d53eb,1502,2,_IGP6829,1,0,0,,,,https://farm2.staticflickr.com/1502/24552950599_3f423d53eb.jpg
pic131,[img[https://farm2.staticflickr.com/1672/24894278476_72b526b0ed.jpg]],photo [[Not Tagged]],24894278476,126080310@N07,72b526b0ed,1672,2,_IGP6825,1,0,0,,,,https://farm2.staticflickr.com/1672/24894278476_72b526b0ed.jpg
pic132,[img[https://farm2.staticflickr.com/1570/24625104160_bcdb26d537.jpg]],photo [[Not Tagged]],24625104160,126080310@N07,bcdb26d537,1570,2,_IGP6812,1,0,0,,,,https://farm2.staticflickr.com/1570/24625104160_bcdb26d537.jpg
pic133,[img[https://farm2.staticflickr.com/1607/24894278036_d743e10936.jpg]],photo [[Not Tagged]],24894278036,126080310@N07,d743e10936,1607,2,_IGP6766,1,0,0,,,,https://farm2.staticflickr.com/1607/24894278036_d743e10936.jpg
pic134,[img[https://farm2.staticflickr.com/1683/24625103700_7a61eba603.jpg]],photo [[Not Tagged]],24625103700,126080310@N07,7a61eba603,1683,2,_IGP6716,1,0,0,,,,https://farm2.staticflickr.com/1683/24625103700_7a61eba603.jpg
pic135,[img[https://farm2.staticflickr.com/1441/24292440234_736fcc4f20.jpg]],photo [[Not Tagged]],24292440234,126080310@N07,736fcc4f20,1441,2,_IGP6704,1,0,0,,,,https://farm2.staticflickr.com/1441/24292440234_736fcc4f20.jpg
pic136,[img[https://farm2.staticflickr.com/1646/24894276976_be6daa5c4d.jpg]],photo [[Not Tagged]],24894276976,126080310@N07,be6daa5c4d,1646,2,_IGP6683,1,0,0,,,,https://farm2.staticflickr.com/1646/24894276976_be6daa5c4d.jpg
pic137,[img[https://farm2.staticflickr.com/1661/24293695323_9e08e32cb0.jpg]],photo [[Not Tagged]],24293695323,126080310@N07,9e08e32cb0,1661,2,_IGP6679,1,0,0,,,,https://farm2.staticflickr.com/1661/24293695323_9e08e32cb0.jpg
pic138,[img[https://farm2.staticflickr.com/1444/24293695003_69dd65f18f.jpg]],photo [[Not Tagged]],24293695003,126080310@N07,69dd65f18f,1444,2,_IGP6667,1,0,0,,,,https://farm2.staticflickr.com/1444/24293695003_69dd65f18f.jpg
pic139,[img[https://farm2.staticflickr.com/1614/24920576585_eb24ff7d28.jpg]],photo [[Not Tagged]],24920576585,126080310@N07,eb24ff7d28,1614,2,_IGP6609,1,0,0,,,,https://farm2.staticflickr.com/1614/24920576585_eb24ff7d28.jpg
pic140,[img[https://farm2.staticflickr.com/1663/24292438184_ce2ee7a3bd.jpg]],photo [[Not Tagged]],24292438184,126080310@N07,ce2ee7a3bd,1663,2,_IGP6607,1,0,0,,,,https://farm2.staticflickr.com/1663/24292438184_ce2ee7a3bd.jpg