id,owner,secret,server,farm,title,ispublic,isfriend,isfamily
29387150154,29198843@N08,5a3aa3af1b,5096,6,Sink wall and floor cabinets,1,0,0
29386989054,33772383@N08,1509746b14,5172,6,"List Price: $239,900    104 Golf House Rd. Laguna Vista, TX 78578",1,0,0
29704691650,16336194@N00,2ff7cc04f0,8694,9,Connected.,1,0,0
29961106826,38540562@N03,4b3339e672,8122,9,girl power,1,0,0
29357951884,128836361@N05,19b0241796,5722,6,Who Said I was Sweet?,1,0,0
29348491194,92613005@N00,4dc1bf3ee1,8278,9,Day 271,1,0,0
29939063716,57133817@N02,5573e4d1a4,8075,9,Tried washing my hand: not only did I about wipeout; I was sinking in the mud too. Luckily I had easier to clean boat shoes.,1,0,0
29863134421,143598591@N02,6417f1c2b9,8344,9,2010 09 19 - 133257 - 6M sink and brain cleaner,1,0,0
29294555373,130897525@N05,0193f0d153,8350,9,,1,0,0
29275558413,116844295@N06,debc03082b,8502,9,Pallet-clad Espresso Cart,1,0,0
29894754735,142767562@N06,25223597b7,8320,9,Tips to Create a Perfect Small Bathroom Layout,1,0,0
29888882995,141909205@N08,fb2f1e7099,8112,9,"Max: KATHMANDU â€“ If I didnâ€™t, Careâ€¦",1,0,0
29589733470,116844295@N06,ef6c9d1bc8,7578,8,Diy Tutorial: Make Your Own Solar-powered Pallet House Address,1,0,0
29764225572,145197096@N03,5a78d4351e,8039,9,The finished product!,1,0,0
29783290741,139194555@N05,e079b75e74,8449,9,"Dubrovnik, Croatia, water tap",1,0,0
29740496742,146605504@N02,b634e84d60,8147,9,Your Guide to Laundry Room Sinks for More Functionality,1,0,0
29701373212,131319951@N08,4b6bb0eba8,8138,9,Water Experiment..,1,0,0
29701372502,131319951@N08,9cfd6ff9b3,7707,8,Water Experiment..,1,0,0
29701371902,131319951@N08,5a5f3dac68,8039,9,Water Experiment...,1,0,0
29155137734,141909205@N08,b27267b936,8280,9,Micro Fiction: Feline Fighter,1,0,0
29429379450,47780730@N03,760e1aa5e5,8149,9,,1,0,0
29429378540,47780730@N03,746060b03b,8378,9,,1,0,0
29424581140,14529688@N08,5dbed56f98,8183,9,Wedding figurines over the sink,1,0,0
29424579400,14529688@N08,10f16aa230,7483,8,Wedding figurines over the sink,1,0,0
29424574940,14529688@N08,a32ff00e1b,8161,9,Wedding figurines over the sink,1,0,0
29599895441,143522161@N02,b4d74866f2,8219,9,Tumbleweed Tiny House Elm,1,0,0
29693410685,146949058@N06,da2d01e9c6,8200,9,Is Kristin Smart Buried in This Backyard? Neighbors and a Wonder Dog Say Yes,1,0,0
29059119833,74802926@N00,d5b1771b28,8630,9,Il-Giardino_e-m10_1005085512,1,0,0
29680625105,42107447@N00,35df8f22ba,8200,9,WHAT A WONDERFUL SYSTEM SOCIALISM IS,1,0,0
29672080175,145396068@N08,57a8b58f14,8539,9,Affordable Housing Construction by URSG,1,0,0
28990745923,84398784@N00,d4b693873b,8034,9,"Public restroom: You're doing it all wrong.  ðŸŒ² â˜£ ðŸ˜œ  Ellinger, TX, 2013.  #restroom #badbathroom #publicrestroom #cleaning #fail #airfreshener #pinetreeairfreshener #carairfreshener #plumbing #gross #sink #sinks",1,0,0
29533411831,87954262@N02,b908a934b9,8603,9,Artist loft -2,1,0,0
28977968333,117439638@N08,ff39319747,8451,9,Bathroom Sink,1,0,0
28948504083,57664601@N02,9e5ae3cd7b,8030,9,Antique wooden caboose,1,0,0
29565998445,14529688@N08,e13f6b9566,8605,9,Cleaning the wedding cake figurines,1,0,0
29531948726,14529688@N08,e890801524,8392,9,Cleaning the wedding cake figurines,1,0,0
29275918150,14529688@N08,dc98fa70ef,8499,9,Cleaning the wedding cake figurines,1,0,0
29524763076,143654898@N02,c080154c2b,8663,9,Traffic movie review: Crispness and the sense of urgency is missing in this Manoj Bajpayee starrer,1,0,0
29490729166,143676616@N05,4b6ebff4cb,8477,9,Sponge cleaning a dish pan,1,0,0
29235209640,143676616@N05,fc1f12f3a9,8366,9,Sponge,1,0,0
29490729016,143676616@N05,e8f7039cde,8669,9,Sponge,1,0,0
28893899193,144843606@N03,8bfeeb84ca,8464,9,Granitec Inc | Steel Kitchen Sinks in Toronto,1,0,0
29501961085,136507174@N04,a837ca73c2,7577,8,,1,0,0
28865360864,23412076@N06,52d8d10992,8166,9,"sunken vessel in Westport, Wash",1,0,0
28822587844,98334074@N05,73f93811e3,8160,9,Eggs,1,0,0
29143493410,92146676@N04,8af971a076,8280,9,Cranefly attempts to clean kitchen sink!,1,0,0
29346338581,108888515@N05,be69c4e7e3,8282,9,Just fun stuff as I work on interior,1,0,0
28792323503,49638038@N03,a8786de574,8309,9,Down the Atomic River-roll on mighty Columbia,1,0,0
29374596866,16919000@N03,4fab3e80b2,8333,9,"""cleanliness is next to godliness"",",1,0,0
29054465310,134364792@N07,ae2a8f8fa2,8612,9,No weekend of #electronic #junk #picking is complete until you get a box of #vacuumtubes so #filthy they need #dishsoap and a #sponge and a large #sink to clean them.  Highlights include some 5R4 and 5Y3 #rectifiers and a couple 6146 power tubes. #valve #,1,0,0
29234620181,129526902@N08,546e00e814,8287,9,2006 Sleepin' Style Yasmin,1,0,0
29334504675,144711613@N02,948109e48d,8266,9,10 things thatâ€™ll make you look for Odor control Martin,1,0,0
28706218924,49638038@N03,958e4ccbaa,8206,9,sunny spot,1,0,0
29033789330,25977089@N00,ac3ebdf300,8783,9,"Lighting ""solution""",1,0,0
29236730541,30936776@N06,deda392455,8542,9,Tea parties in the sink aka how I clean the bathroom floor.,1,0,0
29273698606,144843606@N03,2acee75e6b,8185,9,Granitec Inc : Kitchen Sinks In Toronto,1,0,0
29306383985,25413123@N00,db962f41aa,8198,9,procrastinating,1,0,0
29287891105,24307313@N03,e7e3b1fe8b,8148,9,Kitchen 1,1,0,0
29273818215,91486426@N00,b59470957d,8250,9,Purple water lily and leaf surrounded by glassy surface tension,1,0,0
5245852006,32029534@N00,9c8ce539e3,5083,6,"repostrepostrepost -- COME SISTER DEATH AND GET ME OUT OF HERE -- some good nyc ramblings, 2007",1,0,0
28614426334,143143258@N03,35e36d92b7,8356,9,Plumbing Facts You Should Learn,1,0,0
28596011033,46062535@N03,239b3cf8e6,8006,9,'Incy Wincy Spider'       (Explored 26.08.16...........see description),1,0,0
28890850130,146477719@N03,07a5cc7827,8553,9,Water Damage Clean up Service,1,0,0
29093030481,96734875@N02,06f2d55b34,7763,8,Why is home cleaning necessary?,1,0,0
29170066245,116844295@N06,e340716da8,8244,9,Pallet Bedroom Suite / Chambre En Palette,1,0,0
28852441560,76887189@N08,3527bd9ce4,8704,9,Public Drinking Water,1,0,0
29099631366,49638038@N03,2b2e56866a,8130,9,Lochte Talmud Prince represents United Satans of Israel jew-corp media celebrity -Impressively destructive self-chosen scum. Did you realize that  Jews also invented swimming? Yep gentiles sank. Friggin' genius.,1,0,0
29079757306,142996472@N02,bd245c320d,7730,8,X Rocker 51396 Gaming Chair Review,1,0,0
29100164985,50938313@N00,e4c2778434,7564,8,This imaginary rockstar cleaned his kitchen tonight #microwve #stove #oven #sink #countertop #turlock #russellreno #russellrenophotography,1,0,0
29018765591,7926735@N03,3237061e45,8317,9,2016 232/366,1,0,0
28795235920,133078440@N06,b91406887e,8687,9,"Vyrnwy Dam, Powys",1,0,0
28990802421,35390608@N04,5ca19a7cf7,8263,9,IRON BARON (Sunk) 4,1,0,0
28422191934,11635106@N05,b5e09222b5,8400,9,A Noiva do Sol. The Sun's Bride,1,0,0
28747028470,135220016@N06,5582c1031a,8790,9,A Sink in Need of Cleaning,1,0,0
28911411551,130260781@N02,591eb6b5b9,8752,9,"""If a cluttered desk is a sign of a cluttered mind of what then is an empty desk a sign..."" - Project",1,0,0
28903748551,91486426@N00,e61c44f250,8573,9,"Black water, gold and green water lilies and surface tension",1,0,0
28340647593,142350074@N05,fd63897426,8299,9,Shop Houzz: Modern Meets Farmhouse in the Kitchen (145 photos),1,0,0
28653535490,142782954@N07,e78f314520,8616,9,washA,1,0,0
28894810316,132977221@N04,60828d32aa,8437,9,Don't you love a kitchen with a nice big sink and high faucet making it easy to clean big pots and pans? I saw several lovely ones with my real estate clients today! ðŸ˜€,1,0,0
28304782394,62593108@N03,aa30baaba8,8792,9,Be-10-13,1,0,0
28238783874,8073737@N02,ab183eeeb1,8766,9,Don't forget to clean up.,1,0,0
28227811004,20654194@N07,5d3f1b41d2,8736,9,WD-40 really is the answer to all of life's problems,1,0,0
28813908106,20654194@N07,996248546a,8530,9,clean your home the natural way,1,0,0
28705965022,94090406@N04,99b3e1bb52,8725,9,"Elseworlds Hulk Vol. 1, #8: Savage",1,0,0
28525809190,49638038@N03,5c76b6a176,8881,9,"United Satans of Israel ISIS AlQaeda terrorists get CIA asses creamed in Syria..by Syria and Russia. USI needs fresh 911 terror strategy: CIA Nuke LA? Nuke JYC? Nuke Paris? Israel Mafia 911 arsonists to the rescue! by ""The Guardian"" Rothschild-Rockefeller",1,0,0
28675867172,41915647@N04,ae1c441750,8556,9,Man rinses Philips OneBlade under the tap,1,0,0
28493016540,30126889@N08,ce2238ce0a,8459,9,Harnisha Burn Lead Mine,1,0,0
28146021034,99749220@N00,75576e545d,8725,9,Blueberry Oatmeal Bread,1,0,0
28142962544,35362671@N07,14b8801c37,8576,9,Keep It Clean,1,0,0
28618359982,78814955@N00,824f0b910b,8575,9,One Of My Pet Peeves!,1,0,0
28393383910,90967119@N07,5f6fdb5bd9,8638,9,Spit Spot... To Lost Boys rain is but a dot,1,0,0
28647910966,7294287@N04,4ff1c47ce2,8734,9,The Big Gun,1,0,0
28367220170,139518475@N05,245be49eb5,8764,9,'Sinks Or Sunk',1,0,0
28612457516,140115623@N05,8936db4d14,7664,8,IMG_0265,1,0,0
28360437260,140115623@N05,6baba2bf7b,8567,9,IMG_0264,1,0,0
28360437110,140115623@N05,8cdfd1b878,7483,8,IMG_0266,1,0,0
28612457276,140115623@N05,afca46926e,8671,9,IMG_0267,1,0,0
28360437040,140115623@N05,b516c214ec,7713,8,IMG_0268,1,0,0
28360436840,140115623@N05,0e5cc7766b,7660,8,IMG_0270,1,0,0
28612457046,140115623@N05,a259de7c3b,8672,9,IMG_0269,1,0,0
28612456866,140115623@N05,2a369b64ff,8644,9,IMG_0272,1,0,0
28360436650,140115623@N05,f992227b11,8888,9,IMG_0273,1,0,0
28612456486,140115623@N05,fdf3aa8b2f,8186,9,IMG_0274,1,0,0
28612456176,140115623@N05,714e1d6c13,8616,9,IMG_0276,1,0,0
28360435980,140115623@N05,1aa18070c2,8220,9,IMG_0277,1,0,0
28612455856,140115623@N05,2f36770823,8826,9,IMG_0278,1,0,0
28360435740,140115623@N05,ea71ed5f74,8596,9,IMG_0279,1,0,0
28612455596,140115623@N05,d59b7319da,8215,9,IMG_0281,1,0,0
28612455206,140115623@N05,02d824110e,8585,9,IMG_0286,1,0,0
28360435380,140115623@N05,b6c16a7083,8585,9,IMG_0282,1,0,0
28360435080,140115623@N05,c976ecdf97,8581,9,IMG_0288,1,0,0
28360434830,140115623@N05,d2c9bfc580,8596,9,IMG_0289,1,0,0
28612454586,140115623@N05,fb9c5560ff,8803,9,IMG_0290,1,0,0
28360434260,140115623@N05,8bec926cd6,8686,9,IMG_0292,1,0,0
28360434070,140115623@N05,d54f738d22,8631,9,IMG_0293,1,0,0
28612453966,140115623@N05,669cc02da4,8846,9,IMG_0295,1,0,0
28360433590,140115623@N05,84c244312e,8464,9,IMG_0297,1,0,0
28612453716,140115623@N05,93848d87de,8896,9,IMG_0298,1,0,0
28612453046,140115623@N05,c6e997b0d4,8844,9,IMG_0300,1,0,0
28644810355,140115623@N05,5ecc6376f5,8799,9,IMG_0301,1,0,0
28612452836,140115623@N05,35b52db206,8850,9,IMG_0302,1,0,0
28612452656,140115623@N05,0fc7cda325,8661,9,IMG_0306,1,0,0
28644810005,140115623@N05,cc3450cf92,8690,9,IMG_0305,1,0,0
28644809825,140115623@N05,85788ab5ca,8657,9,IMG_0308,1,0,0
28612452586,140115623@N05,70e05efd45,8727,9,IMG_0309,1,0,0
28612452346,140115623@N05,ed6be55ce1,8405,9,IMG_0311,1,0,0
28644809635,140115623@N05,a22cae5c8c,8736,9,IMG_0310,1,0,0
28644809265,140115623@N05,cf5dd51f2a,8777,9,IMG_0312,1,0,0
28612451976,140115623@N05,fcd0749c1b,8446,9,IMG_0313,1,0,0
28644808945,140115623@N05,329d77703a,7539,8,IMG_0315,1,0,0
28644808705,140115623@N05,ff64534077,8680,9,IMG_0317,1,0,0
28360429090,140115623@N05,88bd56407b,8717,9,IMG_0316,1,0,0
28360428510,140115623@N05,2ec070184f,8844,9,IMG_0318,1,0,0
28644808365,140115623@N05,67d8942941,8884,9,IMG_0319,1,0,0
28360428040,140115623@N05,4e29ac18a5,7484,8,IMG_0271,1,0,0
28644807585,140115623@N05,2642cf60a2,8814,9,IMG_0280,1,0,0
28360426730,140115623@N05,684e6045a8,8513,9,IMG_0294,1,0,0
28644807155,140115623@N05,b4c37b8236,8840,9,IMG_0299,1,0,0
28360426260,140115623@N05,60d5e6c580,8890,9,IMG_0304,1,0,0
28644806885,140115623@N05,ede8983baa,8371,9,IMG_0314,1,0,0
28360425830,140115623@N05,83885f1d73,8021,9,IMG_0320,1,0,0
28022035564,145605959@N08,22ebda1b7c,8762,9,"#concrete sink, #wood floors, clean open #design , simple but sophisticated",1,0,0
28547832481,133804741@N04,ef024912b8,8130,9,killing bed bugs can solve many problems,1,0,0
27962362534,100250163@N03,52679073b8,8780,9,Beach Comb,1,0,0
28457641432,136287889@N04,2f02eb4776,7507,8,Modern bathroom,1,0,0
27948785193,136287889@N04,03356e1376,7577,8,Interior of the modern design bathroom with sea view,1,0,0
28485436211,134158884@N03,b27cf1671e,8735,9,Before and After - Restoration of a copper sink. Made of copper. First this was chemical clean then 3 step metal polishing and buffing. No clear coat.,1,0,0
28563419125,134158884@N03,60cbce8b91,8843,9,Before and After - Restoration of a copper sink. Made of copper. First this was chemical clean then 3 step metal polishing and buffing. No clear coat.,1,0,0
28485431201,134158884@N03,68f6aecdd0,8632,9,Before and After - Restoration of a copper sink. Made of copper. First this was chemical clean then 3 step metal polishing and buffing. No clear coat.,1,0,0
27945469303,40578127@N00,28c4b924d8,8826,9,366:208,1,0,0
27943912444,40578127@N00,5e0a84f0e4,8796,9,Project 366:208,1,0,0
27863237154,116844295@N06,3d134188b5,8518,9,Rubber sink,1,0,0
28420549066,42159469@N07,fb4d32ca22,8790,9,whitekitchen,1,0,0
28452568725,42159469@N07,3af580b186,7683,8,gorgeouskitchen,1,0,0
27776080114,97728986@N08,6a995de1c2,8811,9,The Forum/ABC Cinema showing the  water heater and the two sinks in the refreshment koisk,1,0,0
28305238911,56186911@N00,f3fe0fd381,8329,9,Washing my tat shelf can be very draining,1,0,0
27762570573,136287889@N04,029fcc1685,8864,9,New big bathroom in cozy house,1,0,0
27727635574,20654194@N07,03bea4126c,8881,9,The diver who saved Winchester Cathedral,1,0,0
28342894575,136380633@N06,96c78eec2c,7587,8,eggshells-benefits,1,0,0
28301790176,28826830@N00,0b2e11ea5b,8696,9,Water System and Sink,1,0,0
28324187355,47834933@N04,8fec0ef8d8,8663,9,The Toyland Chronicles #69,1,0,0
28226062301,125315529@N05,41e389bed3,8863,9,Wash Up... #ushuaia #tierradelfuego #argentina #patagonia #southamerica #tap #bathroom #wash #clean #sink #prison #jail #blackandwhite #monochrome #canonaustralia #canon #travel #backpacker,1,0,0
28186906912,139807757@N08,ca8509fef7,7670,8,San Jose Drain Cleaning Service | CALL 408-684-0112 | Clogged Drain Cleaning Rooter Company in San Jose California,1,0,0
28290862475,140654814@N03,1e5daa1545,7548,8,San Jose Drain Cleaning Service | CALL 408-684-0112 | Clogged Drain Cleaning Rooter Company in San Jose California,1,0,0
28009371970,141465528@N06,9d33348307,7719,8,San Jose Drain Cleaning Service | CALL 408-684-0112 | Clogged Drain Cleaning Rooter Company in San Jose California,1,0,0
28009370860,141545334@N08,b4acfb7cce,7165,8,San Jose Drain Cleaning Service | CALL 408-684-0112 | Clogged Drain Cleaning Rooter Company in San Jose California,1,0,0
27962678690,20654194@N07,2627043324,8761,9,"Horace Hunley, killed by his own invention",1,0,0
28236939345,145077693@N02,0943a6d3da,7450,8,H2o-Mop-X5-in-Pakistan-Karachi-Lahore-Faisalabad-Rawalpindi-Multan-Hyderabad-Gujranwala-Peshawar-Quetta-Islamabad-Sargodha-Bahawalpur-Sialkot-Sukkur-Larkana-Sheikhupura-Jhang-Dera-Ghazi-Khan-Mardan-Gujrat-Abbottabad-Attock-Badin,1,0,0
28236939325,145077693@N02,d9e333c9d2,8563,9,H2o-Mop-X5-in-Chaman-Ziarat-Kotli-sattian-Loharan-Sadiqabad-Kharian-Hangu-Malakand-Muzaffargarh-Mian-Channu-Lodhran-Takht-bai-Sohawa-Shakar-Garh-Sarai-alamgir-Sambrial-Rohri-Rajanpur-Rabwah-Pattoki-Renala-Khurd-Lalamusa-Kot-Addu,1,0,0
28236939375,145077693@N02,42fa760cc6,8679,9,Original-H2o-Mop-X5-5-in-1-Steam-Cleaner-Machine-in-Jampur-Havali-lakha-Haroonabad-Dinga-Dina-Chichawatni-Bhai-Pheru-Arifwala-Umarkot-Tando-Adam-Allahyar-karak-Punjab-Sindh-Balochistan-Khyber-Pakhtunkhw-Azad-Kashmir,1,0,0
28236939265,145077693@N02,755d692b3b,7426,8,H2o-Mop-X5-in-Bahawalnagar-Bhakkar-Burewala-Bagh-Balakot-Bannu-Chitral-Chiniot-Chakwal-Charsadda-Dir-Dera-Ismail-Khan-Fateh-Jang-Gujar-Khan-Gilgit-Gwadar-Haripur-Hafizabad-Hasan-Abdal-Jacobabad-Jhelum-Kasur-Khushab-Kohat,1,0,0
28236939365,145077693@N02,b0fc21142f,7235,8,H2o-Mop-X5-in-Saidu-Sharif-Sanghar-Swabi-Sibi-Sujawal-Turbat-Talagang-Taxila-Toba-Tek-Singh-Vehari-Wazirabad-Wah-Cantonment-Gojra-Muridke-Pakpattan-Jaranwala-Chishtian-Daska-Shikarpur-Bhalwal-Mingora-Skardu-Paharpur-Timergara,1,0,0
28236939335,145077693@N02,ee194bdbe7,8783,9,H2o-Mop-X5-in-Kallar-Kahar-Kalat-Khanpur-Khairpur-Khanewal-Khuzdar-Kotri-Layyah-Mianwali-Murree-Mandi-Bahauddin-Mansehra-Mirpur-Mirpur-Khas-Muzaffarabad-NawabShah-Nowshera-Narowal-Okara-Rahim-Yar-Khan-Risalpur-Rawalakot-Sahiwal,1,0,0
28193270246,143727175@N07,3a44d8bdf3,7445,8,Tips To Cut Your Cleaning Time,1,0,0
28118552152,144766729@N08,f6c70c6aee,8813,9,Why are there dirty dishes in the sink?  Isn't this a self-cleaning model?,1,0,0
27931075080,16498755@N07,dd5533844d,8779,9,"A4051 Cwmbran Drive, Pontrhydyrun, Cwmbran 9 July 2016",1,0,0
28102343552,18196040@N08,0b998f2e71,7408,8,Hallelujah! A miracle! The waters have receded and a clean sink arises from the the bubbles!,1,0,0
28196567125,75368059@N04,765471903a,8583,9,Master Bathroom,1,0,0
27563426124,62938479@N02,837cd61349,7619,8,Mullins Station,1,0,0
27553653144,104508814@N07,e9e8aab3be,7358,8,"Circular Walk from ""Ellen Royd"" via ""Mill Field End"" and Solomon Hill Top in the ""Midgley"" area of the upper Calder Valley in West Yorkshire in both the centre and the heart of the North of England.",1,0,0
27887941680,104508814@N07,f4c1b3ce84,7371,8,"Circular Walk from ""Ellen Royd"" via ""Mill Field End"" and Solomon Hill Top in the ""Midgley"" area of the upper Calder Valley in West Yorkshire in both the centre and the heart of the North of England.",1,0,0
28065116532,104508814@N07,0c6ac4c813,7299,8,"Circular Walk from ""Ellen Royd"" via ""Mill Field End"" and Solomon Hill Top in the ""Midgley"" area of the upper Calder Valley in West Yorkshire in both the centre and the heart of the North of England.",1,0,0
27539315654,39944805@N00,c1eac83aff,7312,8,160/366 - Blue,1,0,0
28075635621,134336441@N02,e8825ece2f,7398,8,Sewer Line Cleaning Repair Anderson SC,1,0,0
28050205632,134336441@N02,cb763ebcfb,7347,8,Sink Repair Anderson SC,1,0,0
28116648126,90529758@N06,33ec3db38a,7299,8,'Cleanse your mind'....,1,0,0
27532311334,113096133@N04,94a51b168c,7322,8,#messy #paint #palette #pretty #colours #colorful #colors #colorful #rainbow #purple #water #acrylic #painting #paints #cleaning #sink #mess #beautifulmess #blue #green #yellow #pink #grey #gray #colour #color #washing #acrylicpaint #aftermath #artattack,1,0,0
28136819555,45698397@N00,8938d9fa30,7296,8,0702 Arri at night with glowing collar,1,0,0
28133478795,135923124@N03,58d44e9bbe,7409,8,"Tide Travel Sink Packets, 3-Count",1,0,0
28048593171,116778082@N04,650dc4f669,7363,8,"Day 177 -and The Sinking Ship, the Brexit ship!.. The Brexhip",1,0,0
28082547496,30079014@N03,04813b8a6d,7285,8,"RAD20160610_Contact sheet - Munga Thirri Expedition, Simpson Desert AUS (Kodak BW400CN)",1,0,0
27803611100,46108419@N00,00cd9d4fbf,7445,8,Clean Shave,1,0,0
27432599534,54605067@N03,672ef75e65,7341,8,Thingvellir,1,0,0
27762933800,132691994@N07,fb160b388b,7370,8,Cluster tessellation,1,0,0
27933115502,126251698@N03,46ea38662d,7364,8,"One Miami, 325 South Biscayne Blvd, Miami, Florida, U.S.A. / Architects: Arquitectonica, Terra Architecture Planning & Interior Design, Inc. / Completed:  2005",1,0,0
27962991036,142395195@N05,b2052be5d6,7791,8,Why Hire Professional Plumbing Contractors For a Most Recent Build,1,0,0
27384260184,126210957@N05,810fc95d92,7239,8,The little barracks in the war path no. 2,1,0,0
27362910263,54359189@N07,c7aae0fda7,7427,8,"GegÃ¨, the spinaches lover.",1,0,0
27874115632,21223543@N02,dce9d47a1c,7661,8,big book of yucky,1,0,0
27357735014,62493694@N06,5eeb90e540,7428,8,"The wet bar sink in our guest room 164 named after William Faulkner. Our Golf and Spa rate was $806.75 + $74.00 in taxes / The American Club / Kohler, Wisconsin.",1,0,0
27356962383,62493694@N06,39d1fab5e5,7355,8,"Briolette vessel faceted glass bathroom sinks in room 146 /The American Club / Kohler, Wisconsin.",1,0,0
27354906293,18603079@N00,a1ee2bbf73,7453,8,"While cleaning her room, she found several chopsticks that were never returned to the kitchen. She put them here for safe keeping until she was ready to deliver them to the kitchen sink. Either that or she is making a fashion statement.",1,0,0
27893457126,56546118@N06,4751972cfa,7327,8,DG: Jasmine Goes Camping,1,0,0
27244004344,95357132@N02,96caf11b7a,7575,8,Show lake erie and its large waves,1,0,0
27847867645,141304573@N04,e170633c52,7311,8,Guinea Pig Bath Time!,1,0,0
27745549572,60911892@N00,49483d4d1a,7623,8,Flat bottom sink impossible to clean,1,0,0
27745549452,60911892@N00,3ff66bd505,7333,8,Flat bottom sink impossible to clean,1,0,0
27234580644,60911892@N00,2c95fec887,7433,8,Flat bottom sink impossible to clean,1,0,0
27808272226,22115595@N07,944a5b22e0,7417,8,Camping at Eagle Field Runway Drags -  Our kitchen  has a nice clean dirt floor but no sink,1,0,0
27793694386,26877819@N03,e42375b602,7358,8,Tips for Clean Organized Small Kitchen,1,0,0
27213898824,69385339@N00,0f792cff0b,7404,8,Gonna need a cleaning,1,0,0
27521664120,8187412@N05,1f94079606,7308,8,Opportunity,1,0,0
27169554404,63132871@N04,1636256d5b,7263,8,Treherne Glass Buildings,1,0,0
27143502253,143439085@N03,084735af35,7312,8,Never Done,1,0,0
27474358520,57664601@N02,0d9ba02165,7407,8,Rusted kitchen cabinetry,1,0,0
27466173220,16717159@N07,10df796a9b,7555,8,George Orwell Southwold Pier,1,0,0
27637978062,46706608@N06,3794781e40,7698,8,Carrot in a kitchen sink,1,0,0
27109284734,46706608@N06,6b03b2a46c,7514,8,Basket of garlic,1,0,0
27391421970,96734875@N02,60266f4c87,7784,8,Signs Of A Clogged Drain Cleaning,1,0,0
27634498486,96734875@N02,6ecb341c7b,7565,8,Drain Cleaning,1,0,0
27625859156,96734875@N02,0845d94921,7463,8,Commercial Drain Cleaning VS Do-It-Yourself Solutions For Clogged Lines,1,0,0
27581763201,29069717@N02,8c88046c9d,7284,8,"Illustrated 1934 Ad, Drano",1,0,0
27640956585,96734875@N02,d6876fdba1,7607,8,5 DIY Drain Cleaning Methods You Must Know,1,0,0
27027708554,42038023@N02,92b5d35283,7419,8,Janitor Steve,1,0,0
27027707644,42038023@N02,42e74f8fe5,7497,8,Janitor Steve,1,0,0
27015063343,134832195@N07,25fcd3b945,7449,8,Living,1,0,0
27572477376,32478609@N06,80cf236864,7326,8,"Fort King George, Scarborough, Tobag",1,0,0
27504942722,51546668@N00,ea3d093a73,7384,8,home centerpiece,1,0,0
27499357972,123295587@N08,1d9f35f009,7407,8,CREATIVE WOMEN'S #no #more #cleaning #sink #shaving #trimming #beard #idea #creative #womens #woman #effort #easy #way #timesaving,1,0,0
27493531422,24822915@N04,80aeb1e06a,7783,8,(162/366) The Cleaning Sill,1,0,0
27577368235,28098727@N00,8c10cebc0b,7282,8,"Carlos ""Botong"" Francisco: ""Pista sa Angono""",1,0,0
27476759622,10758109@N04,4d87fcafd6,7728,8,"Captain Stanier BURNINGHAM, his wife Margery & daughter 'Queenie' BURNINGHAM",1,0,0
26965764524,10758109@N04,2938957659,7425,8,"Captain Stanier BURNINGHAM, his wife Margery & daughter 'Queenie' BURNINGHAM",1,0,0
26966818203,10758109@N04,84bcbe1599,7685,8,"Captain Stanier BURNINGHAM, his wife Margery & daughter 'Queenie' BURNINGHAM",1,0,0
27503260351,142377127@N06,20ea49c6a4,7320,8,9 Toothbrushing Blunders-- and also The best ways to Take care of Them,1,0,0
26965096094,144036669@N08,f2126fb296,7626,8,Jun 8-9 overflow of common pipe due to over usage by unit 207,1,0,0
27540584666,144036669@N08,de92bf68a7,7231,8,Jun 8-9 overflow of common pipe due to over usage by unit 207,1,0,0
27575008755,144036669@N08,be52299e76,7583,8,Jun 8-9 overflow of common pipe due to over usage by unit 207,1,0,0
27575008585,144036669@N08,ff3c4cbec7,7408,8,Jun 8-9 overflow of common pipe due to over usage by unit 207,1,0,0
27540584356,144036669@N08,9157e891fe,7404,8,Jun 8-9 overflow of common pipe due to over usage by unit 207,1,0,0
26965096334,144036669@N08,651d34e6af,7435,8,Jun 8-9 overflow of common pipe due to over usage by unit 207,1,0,0
27502224091,144036669@N08,bd9993197b,7180,8,Jun 8-9 overflow of common pipe due to over usage by unit 207,1,0,0
26966035533,144036669@N08,923f3fe970,7216,8,May 31 mold sprouting due to flooding by common pipe overflow from over usage by unit 207,1,0,0
26966035393,144036669@N08,6f1cfecb17,7485,8,May 31 mold sprouting due to flooding by common pipe overflow from over usage by unit 207,1,0,0
27297952690,144036669@N08,79a326a409,7331,8,May 31 mold sprouting due to flooding by common pipe overflow from over usage by unit 207,1,0,0
27475917382,144036669@N08,136650c3c3,7411,8,May 31 mold sprouting due to flooding by common pipe overflow from over usage by unit 207,1,0,0
27475917482,144036669@N08,9b256c9149,7137,8,May 31 mold sprouting due to flooding by common pipe overflow from over usage by unit 207,1,0,0
26966035203,144036669@N08,f31577a248,7332,8,May 31 mold sprouting due to flooding by common pipe overflow from over usage by unit 207,1,0,0
27540455586,144036669@N08,e26ee24aab,7330,8,May 31 mold sprouting due to flooding by common pipe overflow from over usage by unit 207,1,0,0
27297823780,144036669@N08,9330666012,7332,8,May 21 - May 22 2016 Leak,1,0,0
27475820742,144036669@N08,8fe37227a9,7324,8,May 21 - May 22 2016 Leak,1,0,0
27297828500,144036669@N08,43ccbc98da,7673,8,May 21 - May 22 2016 Leak,1,0,0
27297837860,144036669@N08,3a5b1e6af5,7125,8,May 21 - May 22 2016 Leak,1,0,0
27297845760,144036669@N08,cb06a086d9,7447,8,May 21 - May 22 2016 Leak,1,0,0
27475822422,144036669@N08,02afb07b1b,7318,8,May 21 - May 22 2016 Leak,1,0,0
27540360686,144036669@N08,4bb0f9378b,7394,8,May 21 - May 22 2016 Leak,1,0,0
27540372376,144036669@N08,abbb483da1,7220,8,May 21 - May 22 2016 Leak,1,0,0
26964899354,144036669@N08,014ec862a2,7277,8,May 21 - May 22 2016 Leak,1,0,0
26964899034,144036669@N08,ab69010d74,7249,8,May 21 - May 22 2016 Leak,1,0,0
27540372236,144036669@N08,98c5a68c9f,7348,8,May 21 - May 22 2016 Leak,1,0,0
26964898734,144036669@N08,b9fd1fc9b0,7201,8,May 21 - May 22 2016 Leak,1,0,0
27540372106,144036669@N08,642ca64fa6,7386,8,May 21 - May 22 2016 Leak,1,0,0
27540372006,144036669@N08,3055a457cf,7536,8,May 21 - May 22 2016 Leak,1,0,0
26964898444,144036669@N08,f9bda68e8d,7394,8,May 21 - May 22 2016 Leak,1,0,0
26964898174,144036669@N08,70fb590b69,7541,8,May 21 - May 22 2016 Leak,1,0,0
27540371906,144036669@N08,89362b91be,7405,8,May 21 - May 22 2016 Leak,1,0,0
26964897924,144036669@N08,7472f6006a,7393,8,May 21 - May 22 2016 Leak,1,0,0
27540371656,144036669@N08,ec0389a4e3,7124,8,May 21 - May 22 2016 Leak,1,0,0
27540371486,144036669@N08,3aa0fec59b,7723,8,May 21 - May 22 2016 Leak,1,0,0
26964897634,144036669@N08,dcdcfddae6,7399,8,May 21 - May 22 2016 Leak,1,0,0
27540371376,144036669@N08,257d8caa8b,7270,8,May 21 - May 22 2016 Leak,1,0,0
26964897374,144036669@N08,187b04c849,7304,8,May 21 - May 22 2016 Leak,1,0,0
27540371236,144036669@N08,337f632612,7120,8,May 21 - May 22 2016 Leak,1,0,0
26964897194,144036669@N08,69de98e74c,7321,8,May 21 - May 22 2016 Leak,1,0,0
26964897004,144036669@N08,87e7f9fe43,7354,8,May 21 - May 22 2016 Leak,1,0,0
27540371136,144036669@N08,1057ef0f62,7238,8,May 21 - May 22 2016 Leak,1,0,0
26964896744,144036669@N08,ab3cf5ef0b,7216,8,May 21 - May 22 2016 Leak,1,0,0
27540371036,144036669@N08,15b609b7a3,7547,8,May 21 - May 22 2016 Leak,1,0,0
27540370886,144036669@N08,0506fd21e1,7196,8,May 21 - May 22 2016 Leak,1,0,0
27475825172,144036669@N08,24acde3516,7056,8,May 21 - May 22 2016 Leak,1,0,0
27475825022,144036669@N08,14fd2b2105,7730,8,May 21 - May 22 2016 Leak,1,0,0
27540370656,144036669@N08,05d3c76a83,7205,8,May 21 - May 22 2016 Leak,1,0,0
27475824842,144036669@N08,ca5a00053b,7232,8,May 21 - May 22 2016 Leak,1,0,0
27475824612,144036669@N08,f6849439ca,7329,8,May 21 - May 22 2016 Leak,1,0,0
26964894804,144036669@N08,02c14149d3,7102,8,May 21 - May 22 2016 Leak,1,0,0
26964893774,144036669@N08,2692dcb810,7441,8,May 21 - May 22 2016 Leak,1,0,0
27297847440,144036669@N08,8479fa5850,7751,8,May 21 - May 22 2016 Leak,1,0,0
27501989241,144036669@N08,17a187cd6c,7474,8,May 21 - May 22 2016 Leak,1,0,0
27297847210,144036669@N08,50d083ee59,7272,8,May 21 - May 22 2016 Leak,1,0,0
27540367926,144036669@N08,06741c5d82,7649,8,May 21 - May 22 2016 Leak,1,0,0
27475824012,144036669@N08,af770389bb,7426,8,May 21 - May 22 2016 Leak,1,0,0
27540367406,144036669@N08,0637327ec0,7092,8,May 21 - May 22 2016 Leak,1,0,0
27540366966,144036669@N08,a591fbcbb2,7325,8,May 21 - May 22 2016 Leak,1,0,0
27297846040,144036669@N08,2030629a09,7340,8,May 21 - May 22 2016 Leak,1,0,0
27540366466,144036669@N08,3998b70ed6,7710,8,May 21 - May 22 2016 Leak,1,0,0
27297841980,144036669@N08,4caab1ba4f,7557,8,May 21 - May 22 2016 Leak,1,0,0
27297822780,144036669@N08,1c6a32d9b8,7243,8,May 21 - May 22 2016 Leak,1,0,0
27297822690,144036669@N08,8b0f69c32e,7351,8,May 21 - May 22 2016 Leak,1,0,0
27439874801,70928775@N00,d65d5a5408,7736,8,Tweaked the coffee bar work area again. Crazy details in description. #homebarista #homecafe,1,0,0
27501232845,142428760@N07,85120a7216,7166,8,Shutter World UK Internal Plantation Shutters  08707 545 300,1,0,0
27391221052,39488056@N00,1d55eb2d81,7369,8,"Camp laundry washed/dried/dumped-on-desk; groceries bought; dishes left in sink; unread email deleted because fuckit; bathroom cleaned; litter box cleaned; cats fed & watered; human fed, watered, showered; garbage out for garbage day; various ointments &",1,0,0
26877240564,127229959@N06,24e8b606ed,7212,8,#fruit #fruitsalad #apples #grapes #strawberries #cherries #plums #peaches clean with one cup of #vinegar and fill the sink to remove dirt and #pesticides,1,0,0
27372223551,135563450@N06,ff7f652808,7026,8,Signed up for cleaning but changed it today and cleaned the sink trap,1,0,0
27331771842,129119723@N02,87d1a4c3e3,7730,8,Drain Cleaning,1,0,0
27392072196,49638038@N03,5a94d7d20e,7383,8,Three Sisters 1,1,0,0
27344000771,96685060@N03,f72ff27bfe,7316,8,"Seed's Wigan & District Directory, 1925-6 (extract)",1,0,0
27404311385,8471483@N05,03907be485,7351,8,Meon Springs Fly Fishery_White Wool Farm_Hampshire_Canon 5D Mark III,1,0,0
27305810412,8471483@N05,22fecb8821,7422,8,MAMIYA ZD_MAMIYA 55MM F2.8,1,0,0
27119087770,8471483@N05,72c66e2dd2,7413,8,MEON SPRINGS_ Olympus E-M1_OLYMPUS M.12-40mm F2.8 PRO,1,0,0
27361080456,8471483@N05,eac32f6cf1,7467,8,MEON SPRINGS_ Olympus E-M1_OLYMPUS M.12-40mm F2.8 PRO,1,0,0
27394748055,8471483@N05,cfca0ef2cd,7786,8,P6010018,1,0,0
26787610433,8471483@N05,680a2b8936,7020,8,MEON SPRINGS_ Olympus E-M1_OLYMPUS M.12-40mm F2.8 PRO_P6010017,1,0,0
27360988276,8471483@N05,8dcf6cc5d0,7628,8,Old oak trees_P6010014,1,0,0
27323439361,8471483@N05,8d4e5b62f3,7177,8,Oliver Gammon_P6010013_12by8,1,0,0
27394674165,8471483@N05,104c2fb989,7296,8,P6010013 Panorama,1,0,0
27118715010,8471483@N05,d817625b2b,7163,8,P6010011,1,0,0
26786667474,8471483@N05,0bf09b09c3,7122,8,P6010009,1,0,0
26787342523,8471483@N05,857f177f82,7141,8,P6010008,1,0,0
27360755576,8471483@N05,ae29c6f56f,7581,8,P6010007,1,0,0
27360748206,8471483@N05,a04e727fce,7633,8,P6010006,1,0,0
27360739916,8471483@N05,187712b150,7576,8,P6010006 Panorama,1,0,0
27394426425,8471483@N05,e3d52a9413,7312,8,P6010005,1,0,0
26783356734,142377127@N06,de7bac51d1,7384,8,bed bug treatment how is it done,1,0,0
27292348442,14802581@N07,2a2b5f30fa,7348,8,"1:72 Henschel Hs 123 A-1 trop; ""T6+DP"" of VI./2. StG, Deutsche Luftwaffe, Tmimi (Libya), July 1941 (Whif/modified Airfix kit)",1,0,0
27292348272,14802581@N07,a202575f10,7367,8,"1:72 Henschel Hs 123 A-1 trop; ""T6+DP"" of VI./2. StG, Deutsche Luftwaffe, Tmimi (Libya), July 1941 (Whif/modified Airfix kit)",1,0,0
27114840780,14802581@N07,de1425726d,7713,8,"1:72 Henschel Hs 123 A-1 trop; ""T6+DP"" of VI./2. StG, Deutsche Luftwaffe, Tmimi (Libya), July 1941 (Whif/modified Airfix kit)",1,0,0
26783582263,14802581@N07,2ccfb58832,7068,8,"1:72 Henschel Hs 123 A-1 trop; ""T6+DP"" of VI./2. StG, Deutsche Luftwaffe, Tmimi (Libya), July 1941 (Whif/modified Airfix kit)",1,0,0
27319342351,14802581@N07,b9d132ec7e,7795,8,"1:72 Henschel Hs 123 A-1 trop; ""T6+DP"" of VI./2. StG, Deutsche Luftwaffe, Tmimi (Libya), July 1941 (Whif/modified Airfix kit)",1,0,0
26783582113,14802581@N07,dca9e81c8e,7452,8,"1:72 Henschel Hs 123 A-1 trop; ""T6+DP"" of VI./2. StG, Deutsche Luftwaffe, Tmimi (Libya), July 1941 (Whif/modified Airfix kit)",1,0,0
27292347922,14802581@N07,a6e353dff1,7253,8,"1:72 Henschel Hs 123 A-1 trop; ""T6+DP"" of VI./2. StG, Deutsche Luftwaffe, Tmimi (Libya), July 1941 (Whif/modified Airfix kit)",1,0,0
27114840240,14802581@N07,1d7fa4da1d,7281,8,"1:72 Henschel Hs 123 A-1 trop; ""T6+DP"" of VI./2. StG, Deutsche Luftwaffe, Tmimi (Libya), July 1941 (Whif/modified Airfix kit)",1,0,0
27319342311,14802581@N07,20a221ee2c,7281,8,"1:72 Henschel Hs 123 A-1 trop; ""T6+DP"" of VI./2. StG, Deutsche Luftwaffe, Tmimi (Libya), July 1941 (Whif/modified Airfix kit)",1,0,0
27292347602,14802581@N07,9fc120826a,7459,8,"1:72 Henschel Hs 123 A-1 trop; ""T6+DP"" of VI./2. StG, Deutsche Luftwaffe, Tmimi (Libya), July 1941 (Whif/modified Airfix kit)",1,0,0
26783581743,14802581@N07,24383254dd,7306,8,"1:72 Henschel Hs 123 A-1 trop; ""T6+DP"" of VI./2. StG, Deutsche Luftwaffe, Tmimi (Libya), July 1941 (Whif/modified Airfix kit)",1,0,0
27292347242,14802581@N07,f1d308a9ba,7448,8,"1:72 Henschel Hs 123 A-1 trop; ""T6+DP"" of VI./2. StG, Deutsche Luftwaffe, Tmimi (Libya), July 1941 (Whif/modified Airfix kit)",1,0,0
27319342211,14802581@N07,e10e63373a,7381,8,"1:72 Henschel Hs 123 A-1 trop; ""T6+DP"" of VI./2. StG, Deutsche Luftwaffe, Tmimi (Libya), July 1941 (Whif/modified Airfix kit)",1,0,0
26783581353,14802581@N07,97823c789e,7786,8,"1:72 Henschel Hs 123 A-1 trop; ""T6+DP"" of VI./2. StG, Deutsche Luftwaffe, Tmimi (Libya), July 1941 (Whif/modified Airfix kit)",1,0,0
27319342111,14802581@N07,3ac960bd1c,7213,8,"1:72 Henschel Hs 123 A-1 trop; ""T6+DP"" of VI./2. StG, Deutsche Luftwaffe, Tmimi (Libya), July 1941 (Whif/modified Airfix kit)",1,0,0
27292346642,14802581@N07,e2d46927d7,7031,8,"1:72 Henschel Hs 123 A-1 trop; ""T6+DP"" of VI./2. StG, Deutsche Luftwaffe, Tmimi (Libya), July 1941 (Whif/modified Airfix kit)",1,0,0
27114839310,14802581@N07,b766dcee5c,7731,8,"1:72 Henschel Hs 123 A-1 trop; ""T6+DP"" of VI./2. StG, Deutsche Luftwaffe, Tmimi (Libya), July 1941 (Whif/modified Airfix kit)",1,0,0
26783581133,14802581@N07,908e039fec,7702,8,"1:72 Henschel Hs 123 A-1 trop; ""T6+DP"" of VI./2. StG, Deutsche Luftwaffe, Tmimi (Libya), July 1941 (Whif/modified Airfix kit)",1,0,0
26783580983,14802581@N07,d1147846a4,7580,8,"1:72 Henschel Hs 123 A-1 trop; ""T6+DP"" of VI./2. StG, Deutsche Luftwaffe, Tmimi (Libya), July 1941 (Whif/modified Airfix kit)",1,0,0
26783580743,14802581@N07,e34e0bd554,7411,8,"1:72 Henschel Hs 123 A-1 trop; ""T6+DP"" of VI./2. StG, Deutsche Luftwaffe, Tmimi (Libya), July 1941 (Whif/modified Airfix kit)",1,0,0
27114839060,14802581@N07,4f97671986,7381,8,"1:72 Henschel Hs 123 A-1 trop; ""T6+DP"" of VI./2. StG, Deutsche Luftwaffe, Tmimi (Libya), July 1941 (Whif/modified Airfix kit)",1,0,0
27308715741,50636989@N06,6447eaee2c,7313,8,[Day 68] Furniture installed. 31 May 2016,1,0,0
27346595815,142242520@N02,6d82e52d63,7498,8,"Bubbles surprvises a toy cleaning exercise, 30 May 2016",1,0,0
27033106850,32581423@N00,a56f87165b,7526,8,Bogata-Museo-Basura5-Jan-2016,1,0,0
27238303611,32581423@N00,6480f9e53b,7395,8,Bogata-Museo-Basura6-Jan-2016,1,0,0
27274849716,32581423@N00,32d75b0092,7327,8,Bogata-Museo-Basura7-Jan-2016,1,0,0
27033039590,32581423@N00,c8ec097517,7291,8,Bogata-Museo-Basura3-Jan-2016,1,0,0
26700948884,32581423@N00,37b02a8187,7306,8,Bogata-Museo-Basura2-Jan-2016,1,0,0
27238214151,32581423@N00,f49b7c91b6,7296,8,Bogata-Museo-Basura4-Jan-2016,1,0,0
26701720803,32581423@N00,4f3fd0ec8a,7438,8,Bogata-Museo-Basura1-Jan-2016,1,0,0
26700882354,32581423@N00,a2ae496850,7203,8,Bogata-Museo-Basura8-Jan-2016,1,0,0
26698683493,26644672@N07,af19a7bb55,7401,8,Day 14,1,0,0
27229636621,140474525@N06,e1e362796a,7550,8,How To Install A Kitchen Sink Like A Pro,1,0,0
27225601211,49638038@N03,92dd3f3f0b,7099,8,Linh has a real dialogue with Patrick in Kensington,1,0,0
27190643782,95142644@N00,3ccaf79b59,7688,8,After the art class,1,0,0
27178490022,76572739@N05,0b6940c55f,7314,8,dish doin' (144/366),1,0,0
26988590370,9745119@N07,0f26f75153,7144,8,146/366 - Wet and dity...,1,0,0
27188614271,141344066@N08,df9280cd32,7092,8,Modern shower,1,0,0
27224444396,141344066@N08,19b6494f90,7252,8,Cabinetry drawers in a new contemporary white kitchen renovation,1,0,0
27224438456,141344066@N08,b1deed78fe,7606,8,Modern bathroom in luxury apartment,1,0,0
27160914912,141344066@N08,bc1a5852ef,7568,8,interior modern bathroom,1,0,0
27160903672,141344066@N08,05866ed51e,7321,8,Modern twin bathroom,1,0,0
27182048161,100771386@N05,eb34efd1af,7442,8,Back Bathroom Sink Pulled out,1,0,0
27204568966,140474525@N06,25f3120b57,7502,8,What Is A Sewer Camera Inspection And Why Do You Need One?,1,0,0
27139228632,140474525@N06,eefcf36f56,7240,8,A 101 On Unclogging Drains The Right Way,1,0,0
26630311763,137515742@N05,ff8e557a85,7360,8,PlumbersInKansasCity,1,0,0
27123987161,135899326@N05,22c23e1925,7766,8,#kitchen #spoons #sink #foodporn #spoon #kitchens #house #home #food #dirty #clean #water #aspoonfullofsugar #coffee #coffeespoon #coffeespoons #cupofcoffee #cupofjoe #bodum #frenchpress #frenchpresscoffee,1,0,0
27187216895,81112662@N03,4803927bd8,7465,8,"A biological process of some kind (day six), Kavatzite, Bulgaria",1,0,0
26581981673,143422124@N04,685cced765,7112,8,Home for rent. Jardin paysagÃ©  avec une grande pelouse. Landscaped garden with a large lawn.,1,0,0
26581978853,143422124@N04,3fd88377ac,7394,8,"Ko Samui, location. Jardin paysagÃ©  avec une grande pelouse. Landscaped garden with a large lawn.",1,0,0
27153503516,143422124@N04,5677d38626,7078,8,"Vue sur la nature quand on est dans le salon. De la piscine, vue sur les montagnes",1,0,0
27091292212,143422124@N04,0f58e5e09f,7446,8,Sala Thai le soir. Sala Thai by night,1,0,0
27118031681,143422124@N04,a79057276d,7171,8,Salle de bain. Bathroom,1,0,0
27091284382,143422124@N04,7b697642e4,7073,8,Chambre avec salle de bain attenante. Bedroom with ensuite bathroom,1,0,0
26581946543,143422124@N04,3eeec77ea2,7555,8,Salon & cuisine amÃ©ricaine toute Ã©quipÃ©e. Living-room & fully equipped kitchen,1,0,0
27153489716,143422124@N04,0e6b6b117b,7627,8,"Koh Samui, holidays rental. Salon avec 2 canapÃ©s Ã  la Thai pouvant servir de lit pour 2 personnes",1,0,0
27186829425,143422124@N04,f6935edc36,7448,8,Villa Ã  louer Ã  Koh Samui. Salon avec 2 canapÃ©s Ã  la Thai pouvant servir de lit pour 2 personnes,1,0,0
26580753794,143422124@N04,38c0e2c8cf,7701,8,Villa rental. Grande terrasse + piscine 120m2. Large terrace + pool,1,0,0
26581933783,143422124@N04,3a4ea0006a,7431,8,Villa en location. Piscine de 10 mÃ¨tres. 10 meters pool,1,0,0
26581930313,143422124@N04,c28a38efba,7334,8,"Chambres Ã  louer. Sala Thai, endroit calme et reposant. Sala Thai, quiet and relaxing",1,0,0
26581927353,143422124@N04,d6dd0fef75,7450,8,"Room for rent. Sala Thai, endroit calme et reposant. Sala Thai, quiet and relaxing",1,0,0
27117995301,143422124@N04,af4874ef4a,7062,8,"House Rental. Sala Thai, Jardin. SalaThai, landscaped garden",1,0,0
26581922613,143422124@N04,84a73416d4,7747,8,"Location vacances. Sala Thai, Jardin. SalaThai, landscaped garden",1,0,0
27104366236,98403995@N08,87abb931c5,7440,8,Singapore - Streetlife - 91b,1,0,0
27137823915,98403995@N08,75e381082f,7489,8,Singapore - Streetlife - 151b,1,0,0
26531702734,98403995@N08,c7a8258c73,7357,8,Singapore - Street Life - 174b,1,0,0
26862890380,98403995@N08,4a16aeb7b4,7228,8,Singapore - Bridge - 12b,1,0,0
27042268442,98403995@N08,22ec9d3c67,7131,8,Singapore - Raffles Hotel - 20b,1,0,0
26531432594,98403995@N08,05831c38f5,7703,8,Singapore - Raffles Hotel - 019b,1,0,0
26532858843,98403995@N08,bfaba49a85,7341,8,Singapore - Mosque - 198b,1,0,0
26532854143,98403995@N08,6bcb4ca8c6,7414,8,Singapore - Mosque - 120b,1,0,0
27041983972,98403995@N08,f20c116c71,7019,8,Singapore - Bridge - 024b,1,0,0
26532327913,98403995@N08,353be4cdb3,7759,8,Singapore - Bridge - 010b,1,0,0
27067930541,98403995@N08,618017b193,7289,8,Singapore - Bridge - 013b,1,0,0
26532313733,98403995@N08,1490fd9306,7584,8,Singapore - 46b,1,0,0
27136578265,98403995@N08,d5f6ccd381,7324,8,Singapore - Bridge - 009b,1,0,0
27136555615,98403995@N08,fc758de0a0,7241,8,Singapore - Harbour - Merlion - 27b,1,0,0
26514346554,56446497@N07,eafcc59b91,7233,8,I need a utility sink. This is the third mess I had to clean after washing my screen. #talesfromaworkbench #silkscreen #screenprint #janeticsink #artistproblems,1,0,0
26510891504,9341577@N08,d4d230ef0f,7715,8,"Arabia Steamboat Museum, Kansas City, Missouri",1,0,0
26842155670,9341577@N08,984f1f7ee5,7694,8,"Arabia Steamboat Museum, Kansas City, Missouri",1,0,0
26842155250,9341577@N08,29639cb2a3,7284,8,"Arabia Steamboat Museum, Kansas City, Missouri",1,0,0
27083088736,9341577@N08,bf3c14c3ca,7094,8,"Arabia Steamboat Museum, Kansas City, Missouri",1,0,0
27083088526,9341577@N08,2b9719bf04,7634,8,"Arabia Steamboat Museum, Kansas City, Missouri",1,0,0
26510888764,9341577@N08,bba0a70a22,7034,8,"Arabia Steamboat Museum, Kansas City, Missouri",1,0,0
26842152630,9341577@N08,f1acfa25c6,7084,8,"Arabia Steamboat Museum, Kansas City, Missouri",1,0,0
26842152300,9341577@N08,b12616b631,7236,8,"Arabia Steamboat Museum, Kansas City, Missouri",1,0,0
27083087636,9341577@N08,57c7847566,7085,8,"Arabia Steamboat Museum, Kansas City, Missouri",1,0,0
27021910832,9341577@N08,19d868bae0,7280,8,"Arabia Steamboat Museum, Kansas City, Missouri",1,0,0
27021910292,9341577@N08,ced2d67ee7,7564,8,"Arabia Steamboat Museum, Kansas City, Missouri",1,0,0
26842148730,9341577@N08,a7ae4355ae,7093,8,"Arabia Steamboat Museum, Kansas City, Missouri",1,0,0
27021909712,9341577@N08,ff338e3d86,7705,8,"Arabia Steamboat Museum, Kansas City, Missouri",1,0,0
26842147540,9341577@N08,de1aca19d8,7530,8,"Arabia Steamboat Museum, Kansas City, Missouri",1,0,0
27021907662,9341577@N08,6cc707a331,7441,8,"Arabia Steamboat Museum, Kansas City, Missouri",1,0,0
26510883794,9341577@N08,8c8f7a2cc7,7548,8,"Arabia Steamboat Museum, Kansas City, Missouri",1,0,0
27021906782,9341577@N08,9d832294f6,7764,8,"Arabia Steamboat Museum, Kansas City, Missouri",1,0,0
27083083656,9341577@N08,3df77f5ccb,7345,8,"Arabia Steamboat Museum, Kansas City, Missouri",1,0,0
27021906222,9341577@N08,9e5da4dba4,7665,8,"Arabia Steamboat Museum, Kansas City, Missouri",1,0,0
27116478875,9341577@N08,b521a6a71c,7619,8,"Arabia Steamboat Museum, Kansas City, Missouri",1,0,0
26510881864,9341577@N08,f94a7cb19b,7369,8,"Arabia Steamboat Museum, Kansas City, Missouri",1,0,0
27116478315,9341577@N08,a37b7b0d2f,7179,8,"Arabia Steamboat Museum, Kansas City, Missouri",1,0,0
27116478055,9341577@N08,c013422425,7318,8,"Arabia Steamboat Museum, Kansas City, Missouri",1,0,0
27083081806,9341577@N08,6a718a28d6,7150,8,"Arabia Steamboat Museum, Kansas City, Missouri",1,0,0
27021904472,9341577@N08,443d30205e,7367,8,"Arabia Steamboat Museum, Kansas City, Missouri",1,0,0
27083081156,9341577@N08,74ca5c56d9,7053,8,"Arabia Steamboat Museum, Kansas City, Missouri",1,0,0
27083080716,9341577@N08,d60b4ba03e,7623,8,"Arabia Steamboat Museum, Kansas City, Missouri",1,0,0
27047964561,9341577@N08,79cf2e36f9,7231,8,"Arabia Steamboat Museum, Kansas City, Missouri",1,0,0
27047964251,9341577@N08,53a4eeec44,7109,8,"Arabia Steamboat Museum, Kansas City, Missouri",1,0,0
26842137510,9341577@N08,5785ed7424,7506,8,"Arabia Steamboat Museum, Kansas City, Missouri",1,0,0
27116475665,9341577@N08,b003cd1e03,7248,8,"Arabia Steamboat Museum, Kansas City, Missouri",1,0,0
27116475035,9341577@N08,41f85b1923,7194,8,"Arabia Steamboat Museum, Kansas City, Missouri",1,0,0
27083078536,9341577@N08,7ca7441113,7409,8,"Arabia Steamboat Museum, Kansas City, Missouri",1,0,0
27116474405,9341577@N08,7f8ed64f07,7329,8,"Arabia Steamboat Museum, Kansas City, Missouri",1,0,0
27083077016,9341577@N08,813b672575,7473,8,"Arabia Steamboat Museum, Kansas City, Missouri",1,0,0
27083076636,9341577@N08,a60a145db3,7031,8,"Arabia Steamboat Museum, Kansas City, Missouri",1,0,0
27047961291,9341577@N08,1399e7de7c,7565,8,"Arabia Steamboat Museum, Kansas City, Missouri",1,0,0
27116472025,9341577@N08,3a017e7258,7246,8,"Arabia Steamboat Museum, Kansas City, Missouri",1,0,0
27021897842,9341577@N08,b7ddf226c2,7320,8,"Arabia Steamboat Museum, Kansas City, Missouri",1,0,0
27116471045,9341577@N08,31fd7e2980,7574,8,"Arabia Steamboat Museum, Kansas City, Missouri",1,0,0
27083074776,9341577@N08,7f87269a0c,7043,8,"Arabia Steamboat Museum, Kansas City, Missouri",1,0,0
27083074456,9341577@N08,862d1ebc11,7341,8,"Arabia Steamboat Museum, Kansas City, Missouri",1,0,0
27047959511,9341577@N08,46cff374a9,7435,8,"Arabia Steamboat Museum, Kansas City, Missouri",1,0,0
27083073916,9341577@N08,1ecd14c65e,7228,8,"Arabia Steamboat Museum, Kansas City, Missouri",1,0,0
27116469425,9341577@N08,d98f30b625,7087,8,"Arabia Steamboat Museum, Kansas City, Missouri",1,0,0
27083073346,9341577@N08,ca25efaf4c,7565,8,"Arabia Steamboat Museum, Kansas City, Missouri",1,0,0
27083073126,9341577@N08,f7224cbb09,7409,8,"Arabia Steamboat Museum, Kansas City, Missouri",1,0,0
27021894462,9341577@N08,0b001db065,7723,8,"Arabia Steamboat Museum, Kansas City, Missouri",1,0,0
27047958421,9341577@N08,f433223c7c,7743,8,"Arabia Steamboat Museum, Kansas City, Missouri",1,0,0
26510871244,9341577@N08,044cb1c5cd,7656,8,"Arabia Steamboat Museum, Kansas City, Missouri",1,0,0
27116467555,9341577@N08,f21745365b,7703,8,"Arabia Steamboat Museum, Kansas City, Missouri",1,0,0
27021892682,9341577@N08,367dd62a26,7702,8,"Arabia Steamboat Museum, Kansas City, Missouri",1,0,0
27116466995,9341577@N08,2311feeffa,7147,8,"Arabia Steamboat Museum, Kansas City, Missouri",1,0,0
27116466755,9341577@N08,021e41e832,7093,8,"Arabia Steamboat Museum, Kansas City, Missouri",1,0,0
27021891722,9341577@N08,ced6c965f3,7726,8,"Arabia Steamboat Museum, Kansas City, Missouri",1,0,0
27021891422,9341577@N08,cf1bc01f7b,7593,8,"Arabia Steamboat Museum, Kansas City, Missouri",1,0,0
26510869154,9341577@N08,75f7dc0743,7304,8,"Arabia Steamboat Museum, Kansas City, Missouri",1,0,0
27083068736,9341577@N08,bbe94a2d2c,7004,8,"Arabia Steamboat Museum, Kansas City, Missouri",1,0,0
27021889772,9341577@N08,12b08c3b2e,7540,8,"Arabia Steamboat Museum, Kansas City, Missouri",1,0,0
27083067626,9341577@N08,8ecb0f61d7,7434,8,"Arabia Steamboat Museum, Kansas City, Missouri",1,0,0
27021888842,9341577@N08,109e078aa7,7349,8,"Arabia Steamboat Museum, Kansas City, Missouri",1,0,0
26510866934,9341577@N08,21b6414e0a,7544,8,"Arabia Steamboat Museum, Kansas City, Missouri",1,0,0
27083066446,9341577@N08,d5ef03dc62,7683,8,"Arabia Steamboat Museum, Kansas City, Missouri",1,0,0
26510866154,9341577@N08,88a0c7960f,7694,8,"Arabia Steamboat Museum, Kansas City, Missouri",1,0,0
27116463755,9341577@N08,9eeefe7a08,7705,8,"Arabia Steamboat Museum, Kansas City, Missouri",1,0,0
26842121470,9341577@N08,7aa020e3c0,7030,8,"Arabia Steamboat Museum, Kansas City, Missouri",1,0,0
27047954051,9341577@N08,44dc383aa9,7777,8,"Arabia Steamboat Museum, Kansas City, Missouri",1,0,0
27083064616,9341577@N08,5964dacb1e,7082,8,"Arabia Steamboat Museum, Kansas City, Missouri",1,0,0
26510864224,9341577@N08,4c5e6b1450,7046,8,"Arabia Steamboat Museum, Kansas City, Missouri",1,0,0
26842120010,9341577@N08,d8a18c4a83,7729,8,"Arabia Steamboat Museum, Kansas City, Missouri",1,0,0
27081524616,71363797@N00,17dab79727,7439,8,Deconstructed  {20/52 'Construction'},1,0,0
26505742704,137514579@N02,91e000b879,7724,8,"It's about to get real ðŸ‘Œ I'm not perfect.  My house isn't always clean, most days there's toys everywhere and dishes in the sink.  My hair is usually thrown up and most days I wear pjs. I forget to eat and sometimes I actually forget to make ""real",1,0,0
27106824665,96734875@N02,fca86d650e,7629,8,Pinned to Brainfood on Pinterest,1,0,0
26452791264,49638038@N03,d4f7d4b391,7627,8,"""Yea your hound doth sniffith wrought by whereon to poop and licketh!"" -Louisa Brandeis Silverstein c. 1831 Champs Elysee bootery boutique",1,0,0
26446031024,140996631@N02,9e49239e11,7544,8,download 60 day trial microsoft office 2010,1,0,0
26425061234,47364797@N02,8e1e40dd8b,7297,8,"The changing fortunes of the Canal, GC and S&R Railway through Rotherham - various(13.5Mby)",1,0,0
26991721946,86526267@N00,5b4e337414,7162,8,shibuya-2726-ps-w,1,0,0
26391993694,82517157@N04,1ba8416337,7438,8,34,1,0,0
26956185596,85043246@N03,b948d5216c,7193,8,Late afternoon,1,0,0
26385158023,64040177@N08,d02b3ba68e,7336,8,day 133,1,0,0
26924259826,48911058@N08,a83e5911e9,7363,8,"Say this isn't true? They want to wash all of their toys, plants outside, even the sink. Gotta love them for keeping it clean!!",1,0,0
26858301972,142566081@N07,59dd14250a,7280,8,Luxury white kitchen interior with wooden furniture,1,0,0
26345793393,129526902@N08,2d1463a28e,7752,8,1989 Beach Blast Barbie Before Boil Wash,1,0,0
26852572321,134336441@N02,05d01dd9e3,7203,8,Sink Repair Anderson SC,1,0,0
26568382370,49638038@N03,771f3eeea8,7791,8,Israel's Pentagon: Global Warming shall not be spoken.,1,0,0
21717301212,129526902@N08,d2bf5a82b0,5736,6,2000 Hip 2 Be Square Barbie,1,0,0
26780443495,129526902@N08,12f9ee40af,1494,2,1975 Honey Hill Bunch I.Q,1,0,0
26494149900,24467939@N03,1a27eed61f,1618,2,underwater,1,0,0
26670149272,125328602@N04,e02f6c4653,1467,2,DIY Homemade Cleaners : Nightly Sink Scrub,1,0,0
26722950456,14237802@N08,8c8b85c8f9,1612,2,Portsmouth with Nikon D750 114,1,0,0
26144506053,14237802@N08,2e2c32591e,1473,2,Portsmouth with Nikon D750 117,1,0,0
26132195013,75992158@N00,e29eb81af8,1472,2,Sink Plungers,1,0,0
26459558810,37068147@N08,945978734b,1540,2,Washing-up,1,0,0
26718821915,32581423@N00,b76b22d8ae,1441,2,Bogata-CasaDeBasura1,1,0,0
26718818255,32581423@N00,00f45bb79e,1690,2,Bogata-CasaDeBasura3,1,0,0
26692999606,32581423@N00,7fd2a0fa70,1558,2,Bogata-CasaDeBasura6,1,0,0
26446246230,32581423@N00,0dc2ce72ec,1680,2,Bogata-CasaDeBasura2,1,0,0
26692991116,32581423@N00,f77afb3cc7,1716,2,Bogata-CasaDeBasura4,1,0,0
26692987886,32581423@N00,180d91a97d,1590,2,Bogata-CasaDeBasura5,1,0,0
